

GO
SET IDENTITY_INSERT [dbo].[Customer] ON 
GO
INSERT [dbo].[Customer] ([CustomerID], [Name], [TenantId], [Description], [IsDelete]) VALUES (1, N'Always Bagels, Inc. ', 1, N'19', 0)
GO
INSERT [dbo].[Customer] ([CustomerID], [Name], [TenantId], [Description], [IsDelete]) VALUES (2, N'Bimbo Bakeries USA ', 1, N'27', 0)
GO
INSERT [dbo].[Customer] ([CustomerID], [Name], [TenantId], [Description], [IsDelete]) VALUES (3, N'New Enterprise Stone & Lime Hinkletown Quarry', 1, N'2161', 0)
GO
INSERT [dbo].[Customer] ([CustomerID], [Name], [TenantId], [Description], [IsDelete]) VALUES (4, N'Organic Unlimited ', 1, N'2140', 0)
GO
INSERT [dbo].[Customer] ([CustomerID], [Name], [TenantId], [Description], [IsDelete]) VALUES (5, N'ReMed Recovery Care Center, LLC', 1, N'58', 0)
GO
SET IDENTITY_INSERT [dbo].[Customer] OFF
GO
SET IDENTITY_INSERT [dbo].[EquipmentTemplate] ON 
GO
INSERT [dbo].[EquipmentTemplate] ([EquipmentTemplateID], [Name], [Description], [ImageUrl], [EquipmentTypeID], [ManufacturerID], [ToleranceTypeID], [AccuracyPercentage], [Resolution], [DecimalNumber], [UnitofmeasurementID], [StatusID], [Model], [Capacity], [IsEnabled], [Manufacturer], [EquipmentType], [IsComercial], [IsDelete], [ClassHB44], [IsGeneric], [OldID]) VALUES (1, N'A&D - SK1000', N'9" x 7"', NULL, 1, 1, 0, 0, 0.5, 0, 6, N'no', N'SK1000', 1000, 1, N'A&D', N'165', 0, 0, 0, 0, NULL)
GO
INSERT [dbo].[EquipmentTemplate] ([EquipmentTemplateID], [Name], [Description], [ImageUrl], [EquipmentTypeID], [ManufacturerID], [ToleranceTypeID], [AccuracyPercentage], [Resolution], [DecimalNumber], [UnitofmeasurementID], [StatusID], [Model], [Capacity], [IsEnabled], [Manufacturer], [EquipmentType], [IsComercial], [IsDelete], [ClassHB44], [IsGeneric], [OldID]) VALUES (2, N'Adam Equipment - CPWplus 35', N'12" x 12"', NULL, 1, 2, 0, 0, 0.02, 0, 3, N'no', N'CPWplus 35', 75, 1, N'Adam Equipment', N'62', 0, 0, 0, 0, NULL)
GO
INSERT [dbo].[EquipmentTemplate] ([EquipmentTemplateID], [Name], [Description], [ImageUrl], [EquipmentTypeID], [ManufacturerID], [ToleranceTypeID], [AccuracyPercentage], [Resolution], [DecimalNumber], [UnitofmeasurementID], [StatusID], [Model], [Capacity], [IsEnabled], [Manufacturer], [EquipmentType], [IsComercial], [IsDelete], [ClassHB44], [IsGeneric], [OldID]) VALUES (3, N'Detecto - 758C', N'42" x 36"', NULL, 1, 3, 0, 0, 0.2, 0, 3, N'no', N'758C', 800, 1, N'Detecto', N'359', 0, 0, 0, 0, NULL)
GO
INSERT [dbo].[EquipmentTemplate] ([EquipmentTemplateID], [Name], [Description], [ImageUrl], [EquipmentTypeID], [ManufacturerID], [ToleranceTypeID], [AccuracyPercentage], [Resolution], [DecimalNumber], [UnitofmeasurementID], [StatusID], [Model], [Capacity], [IsEnabled], [Manufacturer], [EquipmentType], [IsComercial], [IsDelete], [ClassHB44], [IsGeneric], [OldID]) VALUES (4, N'Detecto - MV1', N'42" x 36"', NULL, 1, 3, 0, 0, 0.2, 0, 3, N'no', N'MV1', 1000, 1, N'Detecto', N'361', 0, 0, 0, 0, NULL)
GO
INSERT [dbo].[EquipmentTemplate] ([EquipmentTemplateID], [Name], [Description], [ImageUrl], [EquipmentTypeID], [ManufacturerID], [ToleranceTypeID], [AccuracyPercentage], [Resolution], [DecimalNumber], [UnitofmeasurementID], [StatusID], [Model], [Capacity], [IsEnabled], [Manufacturer], [EquipmentType], [IsComercial], [IsDelete], [ClassHB44], [IsGeneric], [OldID]) VALUES (5, N'Detecto - MV1 A', N'42" x 36"', NULL, 1, 3, 0, 0, 0.2, 0, 3, N'no', N'MV1 A', 1000, 1, N'Detecto', N'356', 0, 0, 0, 0, NULL)
GO
INSERT [dbo].[EquipmentTemplate] ([EquipmentTemplateID], [Name], [Description], [ImageUrl], [EquipmentTypeID], [ManufacturerID], [ToleranceTypeID], [AccuracyPercentage], [Resolution], [DecimalNumber], [UnitofmeasurementID], [StatusID], [Model], [Capacity], [IsEnabled], [Manufacturer], [EquipmentType], [IsComercial], [IsDelete], [ClassHB44], [IsGeneric], [OldID]) VALUES (6, N'Doran - 7000XLM', N'12" x 11"', NULL, 1, 4, 0, 0, 0.02, 0, 3, N'no', N'7000XLM', 100, 1, N'Doran', N'2738', 0, 0, 0, 0, NULL)
GO
INSERT [dbo].[EquipmentTemplate] ([EquipmentTemplateID], [Name], [Description], [ImageUrl], [EquipmentTypeID], [ManufacturerID], [ToleranceTypeID], [AccuracyPercentage], [Resolution], [DecimalNumber], [UnitofmeasurementID], [StatusID], [Model], [Capacity], [IsEnabled], [Manufacturer], [EquipmentType], [IsComercial], [IsDelete], [ClassHB44], [IsGeneric], [OldID]) VALUES (7, N'Doran - FC 6300', N'22" x 22"', NULL, 1, 4, 0, 0, 0.01, 0, 3, N'no', N'FC 6300', 150, 1, N'Doran', N'169', 0, 0, 0, 0, NULL)
GO
INSERT [dbo].[EquipmentTemplate] ([EquipmentTemplateID], [Name], [Description], [ImageUrl], [EquipmentTypeID], [ManufacturerID], [ToleranceTypeID], [AccuracyPercentage], [Resolution], [DecimalNumber], [UnitofmeasurementID], [StatusID], [Model], [Capacity], [IsEnabled], [Manufacturer], [EquipmentType], [IsComercial], [IsDelete], [ClassHB44], [IsGeneric], [OldID]) VALUES (8, N'Electroscale - 475', N'9" x 9"', NULL, 1, 5, 0, 0, 1, 0, 6, N'no', N'475', 2500, 1, N'Electroscale', N'152', 0, 0, 0, 0, NULL)
GO
INSERT [dbo].[EquipmentTemplate] ([EquipmentTemplateID], [Name], [Description], [ImageUrl], [EquipmentTypeID], [ManufacturerID], [ToleranceTypeID], [AccuracyPercentage], [Resolution], [DecimalNumber], [UnitofmeasurementID], [StatusID], [Model], [Capacity], [IsEnabled], [Manufacturer], [EquipmentType], [IsComercial], [IsDelete], [ClassHB44], [IsGeneric], [OldID]) VALUES (9, N'FlexWeigh - DWM-IV', N'Hopper', NULL, 1, 9, 0, 0, 1, 0, 3, N'no', N'DWM-IV', 1000, 1, N'FlexWeigh', N'69', 0, 0, 0, 0, NULL)
GO
INSERT [dbo].[EquipmentTemplate] ([EquipmentTemplateID], [Name], [Description], [ImageUrl], [EquipmentTypeID], [ManufacturerID], [ToleranceTypeID], [AccuracyPercentage], [Resolution], [DecimalNumber], [UnitofmeasurementID], [StatusID], [Model], [Capacity], [IsEnabled], [Manufacturer], [EquipmentType], [IsComercial], [IsDelete], [ClassHB44], [IsGeneric], [OldID]) VALUES (10, N'GSE - 665', N'Hopper', NULL, 1, 10, 0, 0, 0.05, 0, 3, N'no', N'665', 150, 1, N'GSE', N'2722', 0, 0, 0, 0, NULL)
GO
INSERT [dbo].[EquipmentTemplate] ([EquipmentTemplateID], [Name], [Description], [ImageUrl], [EquipmentTypeID], [ManufacturerID], [ToleranceTypeID], [AccuracyPercentage], [Resolution], [DecimalNumber], [UnitofmeasurementID], [StatusID], [Model], [Capacity], [IsEnabled], [Manufacturer], [EquipmentType], [IsComercial], [IsDelete], [ClassHB44], [IsGeneric], [OldID]) VALUES (11, N'Measuretek - EHP-150M', N'22" x 16"', NULL, 1, 14, 0, 0, 0.05, 0, 3, N'no', N'EHP-150M', 300, 1, N'Measuretek', N'58', 0, 0, 0, 0, NULL)
GO
INSERT [dbo].[EquipmentTemplate] ([EquipmentTemplateID], [Name], [Description], [ImageUrl], [EquipmentTypeID], [ManufacturerID], [ToleranceTypeID], [AccuracyPercentage], [Resolution], [DecimalNumber], [UnitofmeasurementID], [StatusID], [Model], [Capacity], [IsEnabled], [Manufacturer], [EquipmentType], [IsComercial], [IsDelete], [ClassHB44], [IsGeneric], [OldID]) VALUES (12, N'Measuretek - PS-103-75', N'12" x 12"', NULL, 1, 14, 0, 0, 0.1, 0, 3, N'no', N'PS-103-75', 165, 1, N'Measuretek', N'61', 0, 0, 0, 0, NULL)
GO
INSERT [dbo].[EquipmentTemplate] ([EquipmentTemplateID], [Name], [Description], [ImageUrl], [EquipmentTypeID], [ManufacturerID], [ToleranceTypeID], [AccuracyPercentage], [Resolution], [DecimalNumber], [UnitofmeasurementID], [StatusID], [Model], [Capacity], [IsEnabled], [Manufacturer], [EquipmentType], [IsComercial], [IsDelete], [ClassHB44], [IsGeneric], [OldID]) VALUES (13, N'Mettler Toledo - HB43', N'4"', NULL, 1, 15, 0, 0, 0.001, 0, 6, N'no', N'HB43', 41, 1, N'Mettler Toledo', N'164', 0, 0, 0, 0, NULL)
GO
INSERT [dbo].[EquipmentTemplate] ([EquipmentTemplateID], [Name], [Description], [ImageUrl], [EquipmentTypeID], [ManufacturerID], [ToleranceTypeID], [AccuracyPercentage], [Resolution], [DecimalNumber], [UnitofmeasurementID], [StatusID], [Model], [Capacity], [IsEnabled], [Manufacturer], [EquipmentType], [IsComercial], [IsDelete], [ClassHB44], [IsGeneric], [OldID]) VALUES (14, N'Mettler Toledo - IND780HARSH', N'20" x 20"', NULL, 1, 15, 0, 0, 0.01, 0, 3, N'no', N'IND780HARSH', 100, 1, N'Mettler Toledo', N'171', 0, 0, 0, 0, NULL)
GO
INSERT [dbo].[EquipmentTemplate] ([EquipmentTemplateID], [Name], [Description], [ImageUrl], [EquipmentTypeID], [ManufacturerID], [ToleranceTypeID], [AccuracyPercentage], [Resolution], [DecimalNumber], [UnitofmeasurementID], [StatusID], [Model], [Capacity], [IsEnabled], [Manufacturer], [EquipmentType], [IsComercial], [IsDelete], [ClassHB44], [IsGeneric], [OldID]) VALUES (15, N'Ohaus - Scout Pro', N'5"', NULL, 1, 16, 0, 0, 0.1, 0, 6, N'no', N'Scout Pro', 400, 1, N'Ohaus', N'163', 0, 0, 0, 0, NULL)
GO
INSERT [dbo].[EquipmentTemplate] ([EquipmentTemplateID], [Name], [Description], [ImageUrl], [EquipmentTypeID], [ManufacturerID], [ToleranceTypeID], [AccuracyPercentage], [Resolution], [DecimalNumber], [UnitofmeasurementID], [StatusID], [Model], [Capacity], [IsEnabled], [Manufacturer], [EquipmentType], [IsComercial], [IsDelete], [ClassHB44], [IsGeneric], [OldID]) VALUES (16, N'Ohaus - T31P', N'12" x 14"', NULL, 1, 16, 0, 0, 0.01, 0, 3, N'no', N'T31P', 50, 1, N'Ohaus', N'65', 0, 0, 0, 0, NULL)
GO
INSERT [dbo].[EquipmentTemplate] ([EquipmentTemplateID], [Name], [Description], [ImageUrl], [EquipmentTypeID], [ManufacturerID], [ToleranceTypeID], [AccuracyPercentage], [Resolution], [DecimalNumber], [UnitofmeasurementID], [StatusID], [Model], [Capacity], [IsEnabled], [Manufacturer], [EquipmentType], [IsComercial], [IsDelete], [ClassHB44], [IsGeneric], [OldID]) VALUES (17, N'Ohaus - V31X3', N'6" x 6"', NULL, 1, 16, 0, 0, 1, 0, 6, N'no', N'V31X3', 3000, 1, N'Ohaus', N'2747', 0, 0, 0, 0, NULL)
GO
INSERT [dbo].[EquipmentTemplate] ([EquipmentTemplateID], [Name], [Description], [ImageUrl], [EquipmentTypeID], [ManufacturerID], [ToleranceTypeID], [AccuracyPercentage], [Resolution], [DecimalNumber], [UnitofmeasurementID], [StatusID], [Model], [Capacity], [IsEnabled], [Manufacturer], [EquipmentType], [IsComercial], [IsDelete], [ClassHB44], [IsGeneric], [OldID]) VALUES (18, N'Pelouze - FG4250UD', N'13" x 11"', NULL, 1, 17, 0, 0, 1, 0, 3, N'no', N'FG4250UD', 250, 1, N'Pelouze', N'67', 0, 0, 0, 0, NULL)
GO
INSERT [dbo].[EquipmentTemplate] ([EquipmentTemplateID], [Name], [Description], [ImageUrl], [EquipmentTypeID], [ManufacturerID], [ToleranceTypeID], [AccuracyPercentage], [Resolution], [DecimalNumber], [UnitofmeasurementID], [StatusID], [Model], [Capacity], [IsEnabled], [Manufacturer], [EquipmentType], [IsComercial], [IsDelete], [ClassHB44], [IsGeneric], [OldID]) VALUES (19, N'Pennsylvania - 4500', N'10" x 10"', NULL, 1, 18, 0, 0, 1, 0, 6, N'no', N'4500', 2500, 1, N'Pennsylvania', N'166', 0, 0, 0, 0, NULL)
GO
INSERT [dbo].[EquipmentTemplate] ([EquipmentTemplateID], [Name], [Description], [ImageUrl], [EquipmentTypeID], [ManufacturerID], [ToleranceTypeID], [AccuracyPercentage], [Resolution], [DecimalNumber], [UnitofmeasurementID], [StatusID], [Model], [Capacity], [IsEnabled], [Manufacturer], [EquipmentType], [IsComercial], [IsDelete], [ClassHB44], [IsGeneric], [OldID]) VALUES (20, N'Rice Lake - 810', NULL, NULL, 1, 19, 0, 0, 0.5, 0, 3, N'no', N'810', 2000, 1, N'Rice Lake', N'157', 0, 0, 0, 0, NULL)
GO
INSERT [dbo].[EquipmentTemplate] ([EquipmentTemplateID], [Name], [Description], [ImageUrl], [EquipmentTypeID], [ManufacturerID], [ToleranceTypeID], [AccuracyPercentage], [Resolution], [DecimalNumber], [UnitofmeasurementID], [StatusID], [Model], [Capacity], [IsEnabled], [Manufacturer], [EquipmentType], [IsComercial], [IsDelete], [ClassHB44], [IsGeneric], [OldID]) VALUES (21, N'Rice Lake - 920i', NULL, NULL, 1, 19, 0, 0, 0.1, 0, 3, N'no', N'920i', 1000, 1, N'Rice Lake', N'2735', 0, 0, 0, 0, NULL)
GO
INSERT [dbo].[EquipmentTemplate] ([EquipmentTemplateID], [Name], [Description], [ImageUrl], [EquipmentTypeID], [ManufacturerID], [ToleranceTypeID], [AccuracyPercentage], [Resolution], [DecimalNumber], [UnitofmeasurementID], [StatusID], [Model], [Capacity], [IsEnabled], [Manufacturer], [EquipmentType], [IsComercial], [IsDelete], [ClassHB44], [IsGeneric], [OldID]) VALUES (22, N'Rice Lake - Healthweigh', N'42" x 42"', NULL, 1, 19, 0, 0, 0.2, 0, 3, N'no', N'Healthweigh', 1000, 1, N'Rice Lake', N'362', 0, 0, 0, 0, NULL)
GO
INSERT [dbo].[EquipmentTemplate] ([EquipmentTemplateID], [Name], [Description], [ImageUrl], [EquipmentTypeID], [ManufacturerID], [ToleranceTypeID], [AccuracyPercentage], [Resolution], [DecimalNumber], [UnitofmeasurementID], [StatusID], [Model], [Capacity], [IsEnabled], [Manufacturer], [EquipmentType], [IsComercial], [IsDelete], [ClassHB44], [IsGeneric], [OldID]) VALUES (23, N'Rice Lake - IQ+210', N'20" x 20"', NULL, 1, 19, 0, 0, 0.05, 0, 3, N'no', N'IQ+210', 200, 1, N'Rice Lake', N'155', 0, 0, 0, 0, NULL)
GO
INSERT [dbo].[EquipmentTemplate] ([EquipmentTemplateID], [Name], [Description], [ImageUrl], [EquipmentTypeID], [ManufacturerID], [ToleranceTypeID], [AccuracyPercentage], [Resolution], [DecimalNumber], [UnitofmeasurementID], [StatusID], [Model], [Capacity], [IsEnabled], [Manufacturer], [EquipmentType], [IsComercial], [IsDelete], [ClassHB44], [IsGeneric], [OldID]) VALUES (24, N'Rice Lake - IQ+355', N'48" x 48"', NULL, 1, 19, 0, 0, 1, 0, 3, N'no', N'IQ+355', 5000, 1, N'Rice Lake', N'168', 0, 0, 0, 0, NULL)
GO
INSERT [dbo].[EquipmentTemplate] ([EquipmentTemplateID], [Name], [Description], [ImageUrl], [EquipmentTypeID], [ManufacturerID], [ToleranceTypeID], [AccuracyPercentage], [Resolution], [DecimalNumber], [UnitofmeasurementID], [StatusID], [Model], [Capacity], [IsEnabled], [Manufacturer], [EquipmentType], [IsComercial], [IsDelete], [ClassHB44], [IsGeneric], [OldID]) VALUES (25, N'ScaleTronix - 6702', N'28" x 32"', NULL, 1, 21, 0, 0, 0.1, 0, 3, N'no', N'6702', 880, 1, N'ScaleTronix', N'360', 0, 0, 0, 0, NULL)
GO
INSERT [dbo].[EquipmentTemplate] ([EquipmentTemplateID], [Name], [Description], [ImageUrl], [EquipmentTypeID], [ManufacturerID], [ToleranceTypeID], [AccuracyPercentage], [Resolution], [DecimalNumber], [UnitofmeasurementID], [StatusID], [Model], [Capacity], [IsEnabled], [Manufacturer], [EquipmentType], [IsComercial], [IsDelete], [ClassHB44], [IsGeneric], [OldID]) VALUES (26, N'Weigh-Tronix - 3275', N'9" x 9"', NULL, 1, 23, 0, 0, 1, 0, 6, N'no', N'3275', 3000, 1, N'Weigh-Tronix', N'172', 0, 0, 0, 0, NULL)
GO
INSERT [dbo].[EquipmentTemplate] ([EquipmentTemplateID], [Name], [Description], [ImageUrl], [EquipmentTypeID], [ManufacturerID], [ToleranceTypeID], [AccuracyPercentage], [Resolution], [DecimalNumber], [UnitofmeasurementID], [StatusID], [Model], [Capacity], [IsEnabled], [Manufacturer], [EquipmentType], [IsComercial], [IsDelete], [ClassHB44], [IsGeneric], [OldID]) VALUES (27, N'Weigh-Tronix - QC-3265', N'20" x 20"', NULL, 1, 23, 0, 0, 0.05, 0, 3, N'no', N'QC-3265', 100, 1, N'Weigh-Tronix', N'170', 0, 0, 0, 0, NULL)
GO
INSERT [dbo].[EquipmentTemplate] ([EquipmentTemplateID], [Name], [Description], [ImageUrl], [EquipmentTypeID], [ManufacturerID], [ToleranceTypeID], [AccuracyPercentage], [Resolution], [DecimalNumber], [UnitofmeasurementID], [StatusID], [Model], [Capacity], [IsEnabled], [Manufacturer], [EquipmentType], [IsComercial], [IsDelete], [ClassHB44], [IsGeneric], [OldID]) VALUES (28, N'Weigh-Tronix - WI-125', N'48" x 48"', NULL, 1, 23, 0, 0, 1, 0, 3, N'no', N'WI-125', 5000, 1, N'Weigh-Tronix', N'2721', 0, 0, 0, 0, NULL)
GO
INSERT [dbo].[EquipmentTemplate] ([EquipmentTemplateID], [Name], [Description], [ImageUrl], [EquipmentTypeID], [ManufacturerID], [ToleranceTypeID], [AccuracyPercentage], [Resolution], [DecimalNumber], [UnitofmeasurementID], [StatusID], [Model], [Capacity], [IsEnabled], [Manufacturer], [EquipmentType], [IsComercial], [IsDelete], [ClassHB44], [IsGeneric], [OldID]) VALUES (29, N'Adam Equipment - CPWplus 35', N'Balance As Found / As Left   Electronic 12" x 12"', NULL, 3, 2, 0, 0, 0.02, 0, 3, N'no', N'CPWplus 35', 75, 1, N'Adam Equipment', N'62', 0, 0, 0, 0, NULL)
GO
INSERT [dbo].[EquipmentTemplate] ([EquipmentTemplateID], [Name], [Description], [ImageUrl], [EquipmentTypeID], [ManufacturerID], [ToleranceTypeID], [AccuracyPercentage], [Resolution], [DecimalNumber], [UnitofmeasurementID], [StatusID], [Model], [Capacity], [IsEnabled], [Manufacturer], [EquipmentType], [IsComercial], [IsDelete], [ClassHB44], [IsGeneric], [OldID]) VALUES (30, N'Detecto - 6550', N'Balance As Found / As Left   Electronic 42" x 36"', NULL, 3, 3, 0, 0, 0.2, 0, 3, N'no', N'6550', 1000, 1, N'Detecto', N'361', 0, 0, 0, 0, NULL)
GO
INSERT [dbo].[EquipmentTemplate] ([EquipmentTemplateID], [Name], [Description], [ImageUrl], [EquipmentTypeID], [ManufacturerID], [ToleranceTypeID], [AccuracyPercentage], [Resolution], [DecimalNumber], [UnitofmeasurementID], [StatusID], [Model], [Capacity], [IsEnabled], [Manufacturer], [EquipmentType], [IsComercial], [IsDelete], [ClassHB44], [IsGeneric], [OldID]) VALUES (31, N'Detecto - BRW1000', N'Balance As Found / As Left   Electronic 42" x 42"', NULL, 3, 3, 0, 0, 0.2, 0, 3, N'no', N'BRW1000', 1000, 1, N'Detecto', N'362', 0, 0, 0, 0, NULL)
GO
INSERT [dbo].[EquipmentTemplate] ([EquipmentTemplateID], [Name], [Description], [ImageUrl], [EquipmentTypeID], [ManufacturerID], [ToleranceTypeID], [AccuracyPercentage], [Resolution], [DecimalNumber], [UnitofmeasurementID], [StatusID], [Model], [Capacity], [IsEnabled], [Manufacturer], [EquipmentType], [IsComercial], [IsDelete], [ClassHB44], [IsGeneric], [OldID]) VALUES (32, N'Doran - DSS520', N'Balance As Found / As Left   Electronic 22" x 22"', NULL, 3, 4, 0, 0, 0.01, 0, 3, N'no', N'DSS520', 150, 1, N'Doran', N'169', 0, 0, 0, 0, NULL)
GO
INSERT [dbo].[EquipmentTemplate] ([EquipmentTemplateID], [Name], [Description], [ImageUrl], [EquipmentTypeID], [ManufacturerID], [ToleranceTypeID], [AccuracyPercentage], [Resolution], [DecimalNumber], [UnitofmeasurementID], [StatusID], [Model], [Capacity], [IsEnabled], [Manufacturer], [EquipmentType], [IsComercial], [IsDelete], [ClassHB44], [IsGeneric], [OldID]) VALUES (33, N'Doran - DXL8100', N'Balance As Found / As Left   Electronic 12" x 11"', NULL, 3, 4, 0, 0, 0.02, 0, 3, N'no', N'DXL8100', 100, 1, N'Doran', N'2738', 0, 0, 0, 0, NULL)
GO
INSERT [dbo].[EquipmentTemplate] ([EquipmentTemplateID], [Name], [Description], [ImageUrl], [EquipmentTypeID], [ManufacturerID], [ToleranceTypeID], [AccuracyPercentage], [Resolution], [DecimalNumber], [UnitofmeasurementID], [StatusID], [Model], [Capacity], [IsEnabled], [Manufacturer], [EquipmentType], [IsComercial], [IsDelete], [ClassHB44], [IsGeneric], [OldID]) VALUES (34, N'Electroscale - 475', N'Balance As Found / As Left   Electronic 9" x 9"', NULL, 3, 5, 0, 0, 1, 0, 6, N'no', N'475', 2500, 1, N'Electroscale', N'167', 0, 0, 0, 0, NULL)
GO
INSERT [dbo].[EquipmentTemplate] ([EquipmentTemplateID], [Name], [Description], [ImageUrl], [EquipmentTypeID], [ManufacturerID], [ToleranceTypeID], [AccuracyPercentage], [Resolution], [DecimalNumber], [UnitofmeasurementID], [StatusID], [Model], [Capacity], [IsEnabled], [Manufacturer], [EquipmentType], [IsComercial], [IsDelete], [ClassHB44], [IsGeneric], [OldID]) VALUES (35, N'Fairbanks - PLB-HR5000-PQS', N'Balance As Found / As Left   Electronic 24" x 24"', NULL, 3, 8, 0, 0, 0.01, 0, 3, N'no', N'PLB-HR5000-PQS', 100, 1, N'Fairbanks', N'2743', 0, 0, 0, 0, NULL)
GO
INSERT [dbo].[EquipmentTemplate] ([EquipmentTemplateID], [Name], [Description], [ImageUrl], [EquipmentTypeID], [ManufacturerID], [ToleranceTypeID], [AccuracyPercentage], [Resolution], [DecimalNumber], [UnitofmeasurementID], [StatusID], [Model], [Capacity], [IsEnabled], [Manufacturer], [EquipmentType], [IsComercial], [IsDelete], [ClassHB44], [IsGeneric], [OldID]) VALUES (36, N'JEM International - JMDT31D2', N'Balance As Found / As Left   Electronic Hopper', NULL, 3, 11, 0, 0, 0.05, 0, 3, N'no', N'JMDT31D2', 150, 1, N'JEM International', N'2722', 0, 0, 0, 0, NULL)
GO
INSERT [dbo].[EquipmentTemplate] ([EquipmentTemplateID], [Name], [Description], [ImageUrl], [EquipmentTypeID], [ManufacturerID], [ToleranceTypeID], [AccuracyPercentage], [Resolution], [DecimalNumber], [UnitofmeasurementID], [StatusID], [Model], [Capacity], [IsEnabled], [Manufacturer], [EquipmentType], [IsComercial], [IsDelete], [ClassHB44], [IsGeneric], [OldID]) VALUES (37, N'Measuretek - EHP-150M', N'Balance As Found / As Left   Electronic 22" x 16"', NULL, 3, 14, 0, 0, 0.05, 0, 3, N'no', N'EHP-150M', 300, 1, N'Measuretek', N'58', 0, 0, 0, 0, NULL)
GO
INSERT [dbo].[EquipmentTemplate] ([EquipmentTemplateID], [Name], [Description], [ImageUrl], [EquipmentTypeID], [ManufacturerID], [ToleranceTypeID], [AccuracyPercentage], [Resolution], [DecimalNumber], [UnitofmeasurementID], [StatusID], [Model], [Capacity], [IsEnabled], [Manufacturer], [EquipmentType], [IsComercial], [IsDelete], [ClassHB44], [IsGeneric], [OldID]) VALUES (38, N'Measuretek - PS-103-75', N'Balance As Found / As Left   Electronic 12" x 12"', NULL, 3, 14, 0, 0, 0.1, 0, 3, N'no', N'PS-103-75', 165, 1, N'Measuretek', N'61', 0, 0, 0, 0, NULL)
GO
INSERT [dbo].[EquipmentTemplate] ([EquipmentTemplateID], [Name], [Description], [ImageUrl], [EquipmentTypeID], [ManufacturerID], [ToleranceTypeID], [AccuracyPercentage], [Resolution], [DecimalNumber], [UnitofmeasurementID], [StatusID], [Model], [Capacity], [IsEnabled], [Manufacturer], [EquipmentType], [IsComercial], [IsDelete], [ClassHB44], [IsGeneric], [OldID]) VALUES (39, N'Mettler Toledo - HD050SR', N'Balance As Found / As Left   Electronic 20" x 20"', NULL, 3, 15, 0, 0, 0.01, 0, 3, N'no', N'HD050SR', 100, 1, N'Mettler Toledo', N'171', 0, 0, 0, 0, NULL)
GO
INSERT [dbo].[EquipmentTemplate] ([EquipmentTemplateID], [Name], [Description], [ImageUrl], [EquipmentTypeID], [ManufacturerID], [ToleranceTypeID], [AccuracyPercentage], [Resolution], [DecimalNumber], [UnitofmeasurementID], [StatusID], [Model], [Capacity], [IsEnabled], [Manufacturer], [EquipmentType], [IsComercial], [IsDelete], [ClassHB44], [IsGeneric], [OldID]) VALUES (40, N'Ohaus - D60BR', N'Balance As Found / As Left   Electronic 12" x 14"', NULL, 3, 16, 0, 0, 0.01, 0, 3, N'no', N'D60BR', 50, 1, N'Ohaus', N'65', 0, 0, 0, 0, NULL)
GO
INSERT [dbo].[EquipmentTemplate] ([EquipmentTemplateID], [Name], [Description], [ImageUrl], [EquipmentTypeID], [ManufacturerID], [ToleranceTypeID], [AccuracyPercentage], [Resolution], [DecimalNumber], [UnitofmeasurementID], [StatusID], [Model], [Capacity], [IsEnabled], [Manufacturer], [EquipmentType], [IsComercial], [IsDelete], [ClassHB44], [IsGeneric], [OldID]) VALUES (41, N'Ohaus - V31X3', N'Balance As Found / As Left   Electronic 6" x 6"', NULL, 3, 16, 0, 0, 1, 0, 6, N'no', N'V31X3', 3000, 1, N'Ohaus', N'68', 0, 0, 0, 0, NULL)
GO
INSERT [dbo].[EquipmentTemplate] ([EquipmentTemplateID], [Name], [Description], [ImageUrl], [EquipmentTypeID], [ManufacturerID], [ToleranceTypeID], [AccuracyPercentage], [Resolution], [DecimalNumber], [UnitofmeasurementID], [StatusID], [Model], [Capacity], [IsEnabled], [Manufacturer], [EquipmentType], [IsComercial], [IsDelete], [ClassHB44], [IsGeneric], [OldID]) VALUES (42, N'Pelouze - FG4250UD', N'Balance As Found / As Left   Mechanical 13" x 11"', NULL, 3, 17, 0, 0, 1, 0, 3, N'no', N'FG4250UD', 250, 1, N'Pelouze', N'67', 0, 0, 0, 0, NULL)
GO
INSERT [dbo].[EquipmentTemplate] ([EquipmentTemplateID], [Name], [Description], [ImageUrl], [EquipmentTypeID], [ManufacturerID], [ToleranceTypeID], [AccuracyPercentage], [Resolution], [DecimalNumber], [UnitofmeasurementID], [StatusID], [Model], [Capacity], [IsEnabled], [Manufacturer], [EquipmentType], [IsComercial], [IsDelete], [ClassHB44], [IsGeneric], [OldID]) VALUES (43, N'Rice Lake - 4X4HPQC-5K', N'Balance As Found / As Left   Electronic 48" x 48"', NULL, 3, 19, 0, 0, 1, 0, 3, N'no', N'4X4HPQC-5K', 5000, 1, N'Rice Lake', N'168', 0, 0, 0, 0, NULL)
GO
INSERT [dbo].[EquipmentTemplate] ([EquipmentTemplateID], [Name], [Description], [ImageUrl], [EquipmentTypeID], [ManufacturerID], [ToleranceTypeID], [AccuracyPercentage], [Resolution], [DecimalNumber], [UnitofmeasurementID], [StatusID], [Model], [Capacity], [IsEnabled], [Manufacturer], [EquipmentType], [IsComercial], [IsDelete], [ClassHB44], [IsGeneric], [OldID]) VALUES (44, N'ScaleTronix - 6702', N'Balance As Found / As Left   Electronic 28" x 32"', NULL, 3, 21, 0, 0, 0.1, 0, 3, N'no', N'6702', 880, 1, N'ScaleTronix', N'360', 0, 0, 0, 0, NULL)
GO
INSERT [dbo].[EquipmentTemplate] ([EquipmentTemplateID], [Name], [Description], [ImageUrl], [EquipmentTypeID], [ManufacturerID], [ToleranceTypeID], [AccuracyPercentage], [Resolution], [DecimalNumber], [UnitofmeasurementID], [StatusID], [Model], [Capacity], [IsEnabled], [Manufacturer], [EquipmentType], [IsComercial], [IsDelete], [ClassHB44], [IsGeneric], [OldID]) VALUES (45, N'Weigh-Tronix - BS-2020-A', N'Balance As Found / As Left   Electronic 20" x 20"', NULL, 3, 23, 0, 0, 0.05, 0, 3, N'no', N'BS-2020-A', 100, 1, N'Weigh-Tronix', N'154', 0, 0, 0, 0, NULL)
GO
INSERT [dbo].[EquipmentTemplate] ([EquipmentTemplateID], [Name], [Description], [ImageUrl], [EquipmentTypeID], [ManufacturerID], [ToleranceTypeID], [AccuracyPercentage], [Resolution], [DecimalNumber], [UnitofmeasurementID], [StatusID], [Model], [Capacity], [IsEnabled], [Manufacturer], [EquipmentType], [IsComercial], [IsDelete], [ClassHB44], [IsGeneric], [OldID]) VALUES (46, N'Weigh-Tronix - BSN-9X9-6', N'Balance As Found / As Left   Electronic 9" x 9"', NULL, 3, 23, 0, 0, 1, 0, 6, N'no', N'BSN-9X9-6', 3000, 1, N'Weigh-Tronix', N'172', 0, 0, 0, 0, NULL)
GO
INSERT [dbo].[EquipmentTemplate] ([EquipmentTemplateID], [Name], [Description], [ImageUrl], [EquipmentTypeID], [ManufacturerID], [ToleranceTypeID], [AccuracyPercentage], [Resolution], [DecimalNumber], [UnitofmeasurementID], [StatusID], [Model], [Capacity], [IsEnabled], [Manufacturer], [EquipmentType], [IsComercial], [IsDelete], [ClassHB44], [IsGeneric], [OldID]) VALUES (47, N'Weigh-Tronix - DSL4848-05', N'Balance As Found / As Left   Electronic 48" x 48"', NULL, 3, 23, 0, 0, 1, 0, 3, N'no', N'DSL4848-05', 5000, 1, N'Weigh-Tronix', N'2721', 0, 0, 0, 0, NULL)
GO
SET IDENTITY_INSERT [dbo].[EquipmentTemplate] OFF
GO
INSERT [dbo].[PieceOfEquipment] ([PieceOfEquipmentID], [SerialNumber], [Capacity], [AddressId], [Status], [InstallLocation], [TenantId], [DueDate], [CustomerId], [Class], [IsStandard], [IsWeigthSet], [IsForAccreditedCal], [CalibrationDate], [EquipmentTemplateId], [WorOrderDetailID], [WorkOrderID], [IndicatorPieceOfEquipmentID], [UnitOfMeasureID], [EquipmentTypeID], [AccuracyPercentage], [DecimalNumber], [Resolution], [ToleranceTypeID], [IsToleranceImport], [IsDelete], [ClassHB44], [IsTestPointImport], [OfflineID], [Notes], [CustomerToolId]) VALUES (N'ALW2-001-69_Indicator', N'F-35075', 0, 0, 0, N'Mixer 1', 1, CAST(N'2021-10-11T15:42:32.2430000' AS DateTime2), 1, NULL, 0, 0, 0, CAST(N'2021-10-11T15:42:32.2430000' AS DateTime2), 9, NULL, NULL, NULL, 3, NULL, 0.1, 0, 0, 0, 0, 0, 0, 0, NULL, NULL, N'7')
GO
INSERT [dbo].[PieceOfEquipment] ([PieceOfEquipmentID], [SerialNumber], [Capacity], [AddressId], [Status], [InstallLocation], [TenantId], [DueDate], [CustomerId], [Class], [IsStandard], [IsWeigthSet], [IsForAccreditedCal], [CalibrationDate], [EquipmentTemplateId], [WorOrderDetailID], [WorkOrderID], [IndicatorPieceOfEquipmentID], [UnitOfMeasureID], [EquipmentTypeID], [AccuracyPercentage], [DecimalNumber], [Resolution], [ToleranceTypeID], [IsToleranceImport], [IsDelete], [ClassHB44], [IsTestPointImport], [OfflineID], [Notes], [CustomerToolId]) VALUES (N'ALW2-002-70_Indicator', N'F-35061', 0, 0, 0, N'Mixer 2', 1, CAST(N'2021-10-11T15:42:32.2430000' AS DateTime2), 1, NULL, 0, 0, 0, CAST(N'2021-10-11T15:42:32.2430000' AS DateTime2), 9, NULL, NULL, NULL, 3, NULL, 0.1, 0, 0, 0, 0, 0, 0, 0, NULL, NULL, N'8')
GO
INSERT [dbo].[PieceOfEquipment] ([PieceOfEquipmentID], [SerialNumber], [Capacity], [AddressId], [Status], [InstallLocation], [TenantId], [DueDate], [CustomerId], [Class], [IsStandard], [IsWeigthSet], [IsForAccreditedCal], [CalibrationDate], [EquipmentTemplateId], [WorOrderDetailID], [WorkOrderID], [IndicatorPieceOfEquipmentID], [UnitOfMeasureID], [EquipmentTypeID], [AccuracyPercentage], [DecimalNumber], [Resolution], [ToleranceTypeID], [IsToleranceImport], [IsDelete], [ClassHB44], [IsTestPointImport], [OfflineID], [Notes], [CustomerToolId]) VALUES (N'ALW2-003-57_Indicator', N'F-34615', 0, 0, 0, N'Mixer 3', 1, CAST(N'2021-10-11T15:42:32.2430000' AS DateTime2), 1, NULL, 0, 0, 0, CAST(N'2021-10-11T15:42:32.2430000' AS DateTime2), 9, NULL, NULL, NULL, 3, NULL, 0.1, 0, 0, 0, 0, 0, 0, 0, NULL, NULL, N'9')
GO
INSERT [dbo].[PieceOfEquipment] ([PieceOfEquipmentID], [SerialNumber], [Capacity], [AddressId], [Status], [InstallLocation], [TenantId], [DueDate], [CustomerId], [Class], [IsStandard], [IsWeigthSet], [IsForAccreditedCal], [CalibrationDate], [EquipmentTemplateId], [WorOrderDetailID], [WorkOrderID], [IndicatorPieceOfEquipmentID], [UnitOfMeasureID], [EquipmentTypeID], [AccuracyPercentage], [DecimalNumber], [Resolution], [ToleranceTypeID], [IsToleranceImport], [IsDelete], [ClassHB44], [IsTestPointImport], [OfflineID], [Notes], [CustomerToolId]) VALUES (N'ALW2-007-58', N'041600064', 300, 0, 1, N'QA Room', 1, CAST(N'2021-10-11T15:42:36.3900000' AS DateTime2), 1, N'III', 0, 0, 0, CAST(N'2021-10-11T15:42:36.3900000' AS DateTime2), 37, NULL, NULL, NULL, 3, NULL, 0.1, 2, 0.05, 3, 1, 0, 3, 1, NULL, NULL, N'1')
GO
INSERT [dbo].[PieceOfEquipment] ([PieceOfEquipmentID], [SerialNumber], [Capacity], [AddressId], [Status], [InstallLocation], [TenantId], [DueDate], [CustomerId], [Class], [IsStandard], [IsWeigthSet], [IsForAccreditedCal], [CalibrationDate], [EquipmentTemplateId], [WorOrderDetailID], [WorkOrderID], [IndicatorPieceOfEquipmentID], [UnitOfMeasureID], [EquipmentTypeID], [AccuracyPercentage], [DecimalNumber], [Resolution], [ToleranceTypeID], [IsToleranceImport], [IsDelete], [ClassHB44], [IsTestPointImport], [OfflineID], [Notes], [CustomerToolId]) VALUES (N'ALW2-007-58_Indicator', N'041600064', 0, 0, 0, N'QA Room', 1, CAST(N'2021-10-11T15:42:32.2430000' AS DateTime2), 1, NULL, 0, 0, 0, CAST(N'2021-10-11T15:42:32.2430000' AS DateTime2), 11, NULL, NULL, NULL, 3, NULL, 0.1, 0, 0, 0, 0, 0, 0, 0, NULL, NULL, N'1')
GO
INSERT [dbo].[PieceOfEquipment] ([PieceOfEquipmentID], [SerialNumber], [Capacity], [AddressId], [Status], [InstallLocation], [TenantId], [DueDate], [CustomerId], [Class], [IsStandard], [IsWeigthSet], [IsForAccreditedCal], [CalibrationDate], [EquipmentTemplateId], [WorOrderDetailID], [WorkOrderID], [IndicatorPieceOfEquipmentID], [UnitOfMeasureID], [EquipmentTypeID], [AccuracyPercentage], [DecimalNumber], [Resolution], [ToleranceTypeID], [IsToleranceImport], [IsDelete], [ClassHB44], [IsTestPointImport], [OfflineID], [Notes], [CustomerToolId]) VALUES (N'ALW2-008-59', N'B437030882', 3000, 0, 1, N'QA Room', 1, CAST(N'2021-10-11T15:42:36.3900000' AS DateTime2), 1, N'III', 0, 0, 0, CAST(N'2021-10-11T15:42:36.3900000' AS DateTime2), 41, NULL, NULL, NULL, 6, NULL, 0.1, 0, 1, 3, 1, 0, 3, 1, NULL, NULL, N'2')
GO
INSERT [dbo].[PieceOfEquipment] ([PieceOfEquipmentID], [SerialNumber], [Capacity], [AddressId], [Status], [InstallLocation], [TenantId], [DueDate], [CustomerId], [Class], [IsStandard], [IsWeigthSet], [IsForAccreditedCal], [CalibrationDate], [EquipmentTemplateId], [WorOrderDetailID], [WorkOrderID], [IndicatorPieceOfEquipmentID], [UnitOfMeasureID], [EquipmentTypeID], [AccuracyPercentage], [DecimalNumber], [Resolution], [ToleranceTypeID], [IsToleranceImport], [IsDelete], [ClassHB44], [IsTestPointImport], [OfflineID], [Notes], [CustomerToolId]) VALUES (N'ALW2-008-59_Indicator', N'B437030882', 0, 0, 0, N'QA Room', 1, CAST(N'2021-10-11T15:42:32.2430000' AS DateTime2), 1, NULL, 0, 0, 0, CAST(N'2021-10-11T15:42:32.2430000' AS DateTime2), 17, NULL, NULL, NULL, 6, NULL, 0.1, 0, 0, 0, 0, 0, 0, 0, NULL, NULL, N'2')
GO
INSERT [dbo].[PieceOfEquipment] ([PieceOfEquipmentID], [SerialNumber], [Capacity], [AddressId], [Status], [InstallLocation], [TenantId], [DueDate], [CustomerId], [Class], [IsStandard], [IsWeigthSet], [IsForAccreditedCal], [CalibrationDate], [EquipmentTemplateId], [WorOrderDetailID], [WorkOrderID], [IndicatorPieceOfEquipmentID], [UnitOfMeasureID], [EquipmentTypeID], [AccuracyPercentage], [DecimalNumber], [Resolution], [ToleranceTypeID], [IsToleranceImport], [IsDelete], [ClassHB44], [IsTestPointImport], [OfflineID], [Notes], [CustomerToolId]) VALUES (N'ALW2-009-60', N'B514792612', 3000, 0, 2, N'QA Room', 1, CAST(N'2021-10-11T15:42:36.3900000' AS DateTime2), 1, N'III', 0, 0, 0, CAST(N'2021-10-11T15:42:36.3900000' AS DateTime2), 41, NULL, NULL, NULL, 6, NULL, 0.1, 0, 1, 3, 1, 0, 3, 1, NULL, NULL, N'3')
GO
INSERT [dbo].[PieceOfEquipment] ([PieceOfEquipmentID], [SerialNumber], [Capacity], [AddressId], [Status], [InstallLocation], [TenantId], [DueDate], [CustomerId], [Class], [IsStandard], [IsWeigthSet], [IsForAccreditedCal], [CalibrationDate], [EquipmentTemplateId], [WorOrderDetailID], [WorkOrderID], [IndicatorPieceOfEquipmentID], [UnitOfMeasureID], [EquipmentTypeID], [AccuracyPercentage], [DecimalNumber], [Resolution], [ToleranceTypeID], [IsToleranceImport], [IsDelete], [ClassHB44], [IsTestPointImport], [OfflineID], [Notes], [CustomerToolId]) VALUES (N'ALW2-009-60_Indicator', N'B514792612', 0, 0, 0, N'QA Room', 1, CAST(N'2021-10-11T15:42:32.2430000' AS DateTime2), 1, NULL, 0, 0, 0, CAST(N'2021-10-11T15:42:32.2430000' AS DateTime2), 17, NULL, NULL, NULL, 6, NULL, 0.1, 0, 0, 0, 0, 0, 0, 0, NULL, NULL, N'3')
GO
INSERT [dbo].[PieceOfEquipment] ([PieceOfEquipmentID], [SerialNumber], [Capacity], [AddressId], [Status], [InstallLocation], [TenantId], [DueDate], [CustomerId], [Class], [IsStandard], [IsWeigthSet], [IsForAccreditedCal], [CalibrationDate], [EquipmentTemplateId], [WorOrderDetailID], [WorkOrderID], [IndicatorPieceOfEquipmentID], [UnitOfMeasureID], [EquipmentTypeID], [AccuracyPercentage], [DecimalNumber], [Resolution], [ToleranceTypeID], [IsToleranceImport], [IsDelete], [ClassHB44], [IsTestPointImport], [OfflineID], [Notes], [CustomerToolId]) VALUES (N'ALW2-010-61', N'011500043', 165, 0, 1, N'QA Room', 1, CAST(N'2021-10-11T15:42:36.3900000' AS DateTime2), 1, N'III', 0, 0, 0, CAST(N'2021-10-11T15:42:36.3900000' AS DateTime2), 38, NULL, NULL, NULL, 3, NULL, 0.1, 1, 0.1, 3, 1, 0, 3, 1, NULL, NULL, N'5')
GO
INSERT [dbo].[PieceOfEquipment] ([PieceOfEquipmentID], [SerialNumber], [Capacity], [AddressId], [Status], [InstallLocation], [TenantId], [DueDate], [CustomerId], [Class], [IsStandard], [IsWeigthSet], [IsForAccreditedCal], [CalibrationDate], [EquipmentTemplateId], [WorOrderDetailID], [WorkOrderID], [IndicatorPieceOfEquipmentID], [UnitOfMeasureID], [EquipmentTypeID], [AccuracyPercentage], [DecimalNumber], [Resolution], [ToleranceTypeID], [IsToleranceImport], [IsDelete], [ClassHB44], [IsTestPointImport], [OfflineID], [Notes], [CustomerToolId]) VALUES (N'ALW2-010-61_Indicator', N'011500043', 0, 0, 0, N'QA Room', 1, CAST(N'2021-10-11T15:42:32.2430000' AS DateTime2), 1, NULL, 0, 0, 0, CAST(N'2021-10-11T15:42:32.2430000' AS DateTime2), 12, NULL, NULL, NULL, 3, NULL, 0.1, 0, 0, 0, 0, 0, 0, 0, NULL, NULL, N'5')
GO
INSERT [dbo].[PieceOfEquipment] ([PieceOfEquipmentID], [SerialNumber], [Capacity], [AddressId], [Status], [InstallLocation], [TenantId], [DueDate], [CustomerId], [Class], [IsStandard], [IsWeigthSet], [IsForAccreditedCal], [CalibrationDate], [EquipmentTemplateId], [WorOrderDetailID], [WorkOrderID], [IndicatorPieceOfEquipmentID], [UnitOfMeasureID], [EquipmentTypeID], [AccuracyPercentage], [DecimalNumber], [Resolution], [ToleranceTypeID], [IsToleranceImport], [IsDelete], [ClassHB44], [IsTestPointImport], [OfflineID], [Notes], [CustomerToolId]) VALUES (N'ALW2-011-62', N'AE39925460', 75, 0, 1, N'QA Room', 1, CAST(N'2021-10-11T15:42:36.3900000' AS DateTime2), 1, N'III', 0, 0, 0, CAST(N'2021-10-11T15:42:36.3900000' AS DateTime2), 29, NULL, NULL, NULL, 3, NULL, 0.1, 2, 0.02, 3, 1, 0, 3, 1, NULL, NULL, N'6')
GO
INSERT [dbo].[PieceOfEquipment] ([PieceOfEquipmentID], [SerialNumber], [Capacity], [AddressId], [Status], [InstallLocation], [TenantId], [DueDate], [CustomerId], [Class], [IsStandard], [IsWeigthSet], [IsForAccreditedCal], [CalibrationDate], [EquipmentTemplateId], [WorOrderDetailID], [WorkOrderID], [IndicatorPieceOfEquipmentID], [UnitOfMeasureID], [EquipmentTypeID], [AccuracyPercentage], [DecimalNumber], [Resolution], [ToleranceTypeID], [IsToleranceImport], [IsDelete], [ClassHB44], [IsTestPointImport], [OfflineID], [Notes], [CustomerToolId]) VALUES (N'ALW2-011-62_Indicator', N'AE39925460', 0, 0, 0, N'QA Room', 1, CAST(N'2021-10-11T15:42:32.2430000' AS DateTime2), 1, NULL, 0, 0, 0, CAST(N'2021-10-11T15:42:32.2430000' AS DateTime2), 2, NULL, NULL, NULL, 3, NULL, 0.1, 0, 0, 0, 0, 0, 0, 0, NULL, NULL, N'6')
GO
INSERT [dbo].[PieceOfEquipment] ([PieceOfEquipmentID], [SerialNumber], [Capacity], [AddressId], [Status], [InstallLocation], [TenantId], [DueDate], [CustomerId], [Class], [IsStandard], [IsWeigthSet], [IsForAccreditedCal], [CalibrationDate], [EquipmentTemplateId], [WorOrderDetailID], [WorkOrderID], [IndicatorPieceOfEquipmentID], [UnitOfMeasureID], [EquipmentTypeID], [AccuracyPercentage], [DecimalNumber], [Resolution], [ToleranceTypeID], [IsToleranceImport], [IsDelete], [ClassHB44], [IsTestPointImport], [OfflineID], [Notes], [CustomerToolId]) VALUES (N'ALW2-013-64', N'FG4250UD021615', 250, 0, 2, N'Mixing', 1, CAST(N'2021-10-11T15:42:36.3900000' AS DateTime2), 1, N'III', 0, 0, 0, CAST(N'2021-10-11T15:42:36.3900000' AS DateTime2), 42, NULL, NULL, NULL, 3, NULL, 0.1, 0, 1, 3, 1, 0, 3, 1, NULL, NULL, N'11')
GO
INSERT [dbo].[PieceOfEquipment] ([PieceOfEquipmentID], [SerialNumber], [Capacity], [AddressId], [Status], [InstallLocation], [TenantId], [DueDate], [CustomerId], [Class], [IsStandard], [IsWeigthSet], [IsForAccreditedCal], [CalibrationDate], [EquipmentTemplateId], [WorOrderDetailID], [WorkOrderID], [IndicatorPieceOfEquipmentID], [UnitOfMeasureID], [EquipmentTypeID], [AccuracyPercentage], [DecimalNumber], [Resolution], [ToleranceTypeID], [IsToleranceImport], [IsDelete], [ClassHB44], [IsTestPointImport], [OfflineID], [Notes], [CustomerToolId]) VALUES (N'ALW2-013-64_Indicator', N'FG4250UD021615', 0, 0, 0, N'Mixing', 1, CAST(N'2021-10-11T15:42:32.2430000' AS DateTime2), 1, NULL, 0, 0, 0, CAST(N'2021-10-11T15:42:32.2430000' AS DateTime2), 18, NULL, NULL, NULL, 3, NULL, 0.1, 0, 0, 0, 0, 0, 0, 0, NULL, NULL, N'11')
GO
INSERT [dbo].[PieceOfEquipment] ([PieceOfEquipmentID], [SerialNumber], [Capacity], [AddressId], [Status], [InstallLocation], [TenantId], [DueDate], [CustomerId], [Class], [IsStandard], [IsWeigthSet], [IsForAccreditedCal], [CalibrationDate], [EquipmentTemplateId], [WorOrderDetailID], [WorkOrderID], [IndicatorPieceOfEquipmentID], [UnitOfMeasureID], [EquipmentTypeID], [AccuracyPercentage], [DecimalNumber], [Resolution], [ToleranceTypeID], [IsToleranceImport], [IsDelete], [ClassHB44], [IsTestPointImport], [OfflineID], [Notes], [CustomerToolId]) VALUES (N'ALW2-014-65', N'B226071992', 50, 0, 1, N'Ingredient Room', 1, CAST(N'2021-10-11T15:42:36.3900000' AS DateTime2), 1, N'III', 0, 0, 0, CAST(N'2021-10-11T15:42:36.3900000' AS DateTime2), 40, NULL, NULL, NULL, 3, NULL, 0.1, 2, 0.01, 3, 1, 0, 3, 1, NULL, NULL, N'12')
GO
INSERT [dbo].[PieceOfEquipment] ([PieceOfEquipmentID], [SerialNumber], [Capacity], [AddressId], [Status], [InstallLocation], [TenantId], [DueDate], [CustomerId], [Class], [IsStandard], [IsWeigthSet], [IsForAccreditedCal], [CalibrationDate], [EquipmentTemplateId], [WorOrderDetailID], [WorkOrderID], [IndicatorPieceOfEquipmentID], [UnitOfMeasureID], [EquipmentTypeID], [AccuracyPercentage], [DecimalNumber], [Resolution], [ToleranceTypeID], [IsToleranceImport], [IsDelete], [ClassHB44], [IsTestPointImport], [OfflineID], [Notes], [CustomerToolId]) VALUES (N'ALW2-014-65_Indicator', N'B421611113', 0, 0, 0, N'Ingredient Room', 1, CAST(N'2021-10-11T15:42:32.2430000' AS DateTime2), 1, NULL, 0, 0, 0, CAST(N'2021-10-11T15:42:32.2430000' AS DateTime2), 16, NULL, NULL, NULL, 3, NULL, 0.1, 0, 0, 0, 0, 0, 0, 0, NULL, NULL, N'12')
GO
INSERT [dbo].[PieceOfEquipment] ([PieceOfEquipmentID], [SerialNumber], [Capacity], [AddressId], [Status], [InstallLocation], [TenantId], [DueDate], [CustomerId], [Class], [IsStandard], [IsWeigthSet], [IsForAccreditedCal], [CalibrationDate], [EquipmentTemplateId], [WorOrderDetailID], [WorkOrderID], [IndicatorPieceOfEquipmentID], [UnitOfMeasureID], [EquipmentTypeID], [AccuracyPercentage], [DecimalNumber], [Resolution], [ToleranceTypeID], [IsToleranceImport], [IsDelete], [ClassHB44], [IsTestPointImport], [OfflineID], [Notes], [CustomerToolId]) VALUES (N'ALW2-015-66', N'091500002', 300, 0, 1, N'Dough Area', 1, CAST(N'2021-10-11T15:42:36.3900000' AS DateTime2), 1, N'III', 0, 0, 0, CAST(N'2021-10-11T15:42:36.3900000' AS DateTime2), 37, NULL, NULL, NULL, 3, NULL, 0.1, 2, 0.05, 3, 1, 0, 3, 1, NULL, NULL, N'13')
GO
INSERT [dbo].[PieceOfEquipment] ([PieceOfEquipmentID], [SerialNumber], [Capacity], [AddressId], [Status], [InstallLocation], [TenantId], [DueDate], [CustomerId], [Class], [IsStandard], [IsWeigthSet], [IsForAccreditedCal], [CalibrationDate], [EquipmentTemplateId], [WorOrderDetailID], [WorkOrderID], [IndicatorPieceOfEquipmentID], [UnitOfMeasureID], [EquipmentTypeID], [AccuracyPercentage], [DecimalNumber], [Resolution], [ToleranceTypeID], [IsToleranceImport], [IsDelete], [ClassHB44], [IsTestPointImport], [OfflineID], [Notes], [CustomerToolId]) VALUES (N'ALW2-015-66_Indicator', N'091500002', 0, 0, 0, N'Dough Area', 1, CAST(N'2021-10-11T15:42:32.2430000' AS DateTime2), 1, NULL, 0, 0, 0, CAST(N'2021-10-11T15:42:32.2430000' AS DateTime2), 11, NULL, NULL, NULL, 3, NULL, 0.1, 0, 0, 0, 0, 0, 0, 0, NULL, NULL, N'13')
GO
INSERT [dbo].[PieceOfEquipment] ([PieceOfEquipmentID], [SerialNumber], [Capacity], [AddressId], [Status], [InstallLocation], [TenantId], [DueDate], [CustomerId], [Class], [IsStandard], [IsWeigthSet], [IsForAccreditedCal], [CalibrationDate], [EquipmentTemplateId], [WorOrderDetailID], [WorkOrderID], [IndicatorPieceOfEquipmentID], [UnitOfMeasureID], [EquipmentTypeID], [AccuracyPercentage], [DecimalNumber], [Resolution], [ToleranceTypeID], [IsToleranceImport], [IsDelete], [ClassHB44], [IsTestPointImport], [OfflineID], [Notes], [CustomerToolId]) VALUES (N'ALW2-016-67', N'FG4250UD021616', 250, 0, 2, N'Quality Control', 1, CAST(N'2021-10-11T15:42:36.3900000' AS DateTime2), 1, N'III', 0, 0, 0, CAST(N'2021-10-11T15:42:36.3900000' AS DateTime2), 42, NULL, NULL, NULL, 3, NULL, 0.1, 0, 1, 3, 1, 0, 3, 1, NULL, NULL, N'14')
GO
INSERT [dbo].[PieceOfEquipment] ([PieceOfEquipmentID], [SerialNumber], [Capacity], [AddressId], [Status], [InstallLocation], [TenantId], [DueDate], [CustomerId], [Class], [IsStandard], [IsWeigthSet], [IsForAccreditedCal], [CalibrationDate], [EquipmentTemplateId], [WorOrderDetailID], [WorkOrderID], [IndicatorPieceOfEquipmentID], [UnitOfMeasureID], [EquipmentTypeID], [AccuracyPercentage], [DecimalNumber], [Resolution], [ToleranceTypeID], [IsToleranceImport], [IsDelete], [ClassHB44], [IsTestPointImport], [OfflineID], [Notes], [CustomerToolId]) VALUES (N'ALW2-016-67_Indicator', N'FG4250UD021616', 0, 0, 0, N'Quality Control', 1, CAST(N'2021-10-11T15:42:32.2430000' AS DateTime2), 1, NULL, 0, 0, 0, CAST(N'2021-10-11T15:42:32.2430000' AS DateTime2), 18, NULL, NULL, NULL, 3, NULL, 0.1, 0, 0, 0, 0, 0, 0, 0, NULL, NULL, N'14')
GO
INSERT [dbo].[PieceOfEquipment] ([PieceOfEquipmentID], [SerialNumber], [Capacity], [AddressId], [Status], [InstallLocation], [TenantId], [DueDate], [CustomerId], [Class], [IsStandard], [IsWeigthSet], [IsForAccreditedCal], [CalibrationDate], [EquipmentTemplateId], [WorOrderDetailID], [WorkOrderID], [IndicatorPieceOfEquipmentID], [UnitOfMeasureID], [EquipmentTypeID], [AccuracyPercentage], [DecimalNumber], [Resolution], [ToleranceTypeID], [IsToleranceImport], [IsDelete], [ClassHB44], [IsTestPointImport], [OfflineID], [Notes], [CustomerToolId]) VALUES (N'ALW2-017-68', N'B517874300', 3000, 0, 1, N'Dough Area', 1, CAST(N'2021-10-11T15:42:36.3900000' AS DateTime2), 1, N'III', 0, 0, 0, CAST(N'2021-10-11T15:42:36.3900000' AS DateTime2), 41, NULL, NULL, NULL, 6, NULL, 0.1, 0, 1, 3, 1, 0, 3, 1, NULL, NULL, N'15')
GO
INSERT [dbo].[PieceOfEquipment] ([PieceOfEquipmentID], [SerialNumber], [Capacity], [AddressId], [Status], [InstallLocation], [TenantId], [DueDate], [CustomerId], [Class], [IsStandard], [IsWeigthSet], [IsForAccreditedCal], [CalibrationDate], [EquipmentTemplateId], [WorOrderDetailID], [WorkOrderID], [IndicatorPieceOfEquipmentID], [UnitOfMeasureID], [EquipmentTypeID], [AccuracyPercentage], [DecimalNumber], [Resolution], [ToleranceTypeID], [IsToleranceImport], [IsDelete], [ClassHB44], [IsTestPointImport], [OfflineID], [Notes], [CustomerToolId]) VALUES (N'ALW2-017-68_Indicator', N'B517874300', 0, 0, 0, N'Dough Area', 1, CAST(N'2021-10-11T15:42:32.2430000' AS DateTime2), 1, NULL, 0, 0, 0, CAST(N'2021-10-11T15:42:32.2430000' AS DateTime2), 17, NULL, NULL, NULL, 6, NULL, 0.1, 0, 0, 0, 0, 0, 0, 0, NULL, NULL, N'15')
GO
INSERT [dbo].[PieceOfEquipment] ([PieceOfEquipmentID], [SerialNumber], [Capacity], [AddressId], [Status], [InstallLocation], [TenantId], [DueDate], [CustomerId], [Class], [IsStandard], [IsWeigthSet], [IsForAccreditedCal], [CalibrationDate], [EquipmentTemplateId], [WorOrderDetailID], [WorkOrderID], [IndicatorPieceOfEquipmentID], [UnitOfMeasureID], [EquipmentTypeID], [AccuracyPercentage], [DecimalNumber], [Resolution], [ToleranceTypeID], [IsToleranceImport], [IsDelete], [ClassHB44], [IsTestPointImport], [OfflineID], [Notes], [CustomerToolId]) VALUES (N'ALW2-018-2742', N'163140020002', 100, 0, 1, N'Ingredient Room', 1, CAST(N'2021-10-11T15:42:36.3900000' AS DateTime2), 1, N'III', 0, 0, 0, CAST(N'2021-10-11T15:42:36.3900000' AS DateTime2), 35, NULL, NULL, NULL, 3, NULL, 0.1, 2, 0.01, 3, 1, 0, 3, 1, NULL, NULL, N'16')
GO
INSERT [dbo].[PieceOfEquipment] ([PieceOfEquipmentID], [SerialNumber], [Capacity], [AddressId], [Status], [InstallLocation], [TenantId], [DueDate], [CustomerId], [Class], [IsStandard], [IsWeigthSet], [IsForAccreditedCal], [CalibrationDate], [EquipmentTemplateId], [WorOrderDetailID], [WorkOrderID], [IndicatorPieceOfEquipmentID], [UnitOfMeasureID], [EquipmentTypeID], [AccuracyPercentage], [DecimalNumber], [Resolution], [ToleranceTypeID], [IsToleranceImport], [IsDelete], [ClassHB44], [IsTestPointImport], [OfflineID], [Notes], [CustomerToolId]) VALUES (N'ALW2-019-2743', N'152750020040', 100, 0, 1, N'QA Room', 1, CAST(N'2021-10-11T15:42:36.3900000' AS DateTime2), 1, N'III', 0, 0, 0, CAST(N'2021-10-11T15:42:36.3900000' AS DateTime2), 35, NULL, NULL, NULL, 3, NULL, 0.1, 2, 0.01, 3, 1, 0, 3, 1, NULL, NULL, N'17')
GO
INSERT [dbo].[PieceOfEquipment] ([PieceOfEquipmentID], [SerialNumber], [Capacity], [AddressId], [Status], [InstallLocation], [TenantId], [DueDate], [CustomerId], [Class], [IsStandard], [IsWeigthSet], [IsForAccreditedCal], [CalibrationDate], [EquipmentTemplateId], [WorOrderDetailID], [WorkOrderID], [IndicatorPieceOfEquipmentID], [UnitOfMeasureID], [EquipmentTypeID], [AccuracyPercentage], [DecimalNumber], [Resolution], [ToleranceTypeID], [IsToleranceImport], [IsDelete], [ClassHB44], [IsTestPointImport], [OfflineID], [Notes], [CustomerToolId]) VALUES (N'ALW2-020-2744', N'B502470208', 3000, 0, 1, N'QA Room', 1, CAST(N'2021-10-11T15:42:36.3900000' AS DateTime2), 1, N'III', 0, 0, 0, CAST(N'2021-10-11T15:42:36.3900000' AS DateTime2), 41, NULL, NULL, NULL, 6, NULL, 0.1, 0, 1, 3, 1, 0, 3, 1, NULL, NULL, N'18')
GO
INSERT [dbo].[PieceOfEquipment] ([PieceOfEquipmentID], [SerialNumber], [Capacity], [AddressId], [Status], [InstallLocation], [TenantId], [DueDate], [CustomerId], [Class], [IsStandard], [IsWeigthSet], [IsForAccreditedCal], [CalibrationDate], [EquipmentTemplateId], [WorOrderDetailID], [WorkOrderID], [IndicatorPieceOfEquipmentID], [UnitOfMeasureID], [EquipmentTypeID], [AccuracyPercentage], [DecimalNumber], [Resolution], [ToleranceTypeID], [IsToleranceImport], [IsDelete], [ClassHB44], [IsTestPointImport], [OfflineID], [Notes], [CustomerToolId]) VALUES (N'ALW2-020-2744_Indicator', N'B502470208', 0, 0, 0, N'QA Room', 1, CAST(N'2021-10-11T15:42:32.2430000' AS DateTime2), 1, NULL, 0, 0, 0, CAST(N'2021-10-11T15:42:32.2430000' AS DateTime2), 17, NULL, NULL, NULL, 6, NULL, 0.1, 0, 0, 0, 0, 0, 0, 0, NULL, NULL, N'18')
GO
INSERT [dbo].[PieceOfEquipment] ([PieceOfEquipmentID], [SerialNumber], [Capacity], [AddressId], [Status], [InstallLocation], [TenantId], [DueDate], [CustomerId], [Class], [IsStandard], [IsWeigthSet], [IsForAccreditedCal], [CalibrationDate], [EquipmentTemplateId], [WorOrderDetailID], [WorkOrderID], [IndicatorPieceOfEquipmentID], [UnitOfMeasureID], [EquipmentTypeID], [AccuracyPercentage], [DecimalNumber], [Resolution], [ToleranceTypeID], [IsToleranceImport], [IsDelete], [ClassHB44], [IsTestPointImport], [OfflineID], [Notes], [CustomerToolId]) VALUES (N'ALW2-021-2745', N'B738700198', 3000, 0, 1, N'Oven Area', 1, CAST(N'2021-10-11T15:42:36.3900000' AS DateTime2), 1, N'III', 0, 0, 0, CAST(N'2021-10-11T15:42:36.3900000' AS DateTime2), 41, NULL, NULL, NULL, 6, NULL, 0.1, 0, 1, 3, 1, 0, 3, 1, NULL, NULL, N'20')
GO
INSERT [dbo].[PieceOfEquipment] ([PieceOfEquipmentID], [SerialNumber], [Capacity], [AddressId], [Status], [InstallLocation], [TenantId], [DueDate], [CustomerId], [Class], [IsStandard], [IsWeigthSet], [IsForAccreditedCal], [CalibrationDate], [EquipmentTemplateId], [WorOrderDetailID], [WorkOrderID], [IndicatorPieceOfEquipmentID], [UnitOfMeasureID], [EquipmentTypeID], [AccuracyPercentage], [DecimalNumber], [Resolution], [ToleranceTypeID], [IsToleranceImport], [IsDelete], [ClassHB44], [IsTestPointImport], [OfflineID], [Notes], [CustomerToolId]) VALUES (N'ALW2-021-2745_Indicator', N'B738700198', 0, 0, 0, N'Oven Area', 1, CAST(N'2021-10-11T15:42:32.2430000' AS DateTime2), 1, NULL, 0, 0, 0, CAST(N'2021-10-11T15:42:32.2430000' AS DateTime2), 17, NULL, NULL, NULL, 6, NULL, 0.1, 0, 0, 0, 0, 0, 0, 0, NULL, NULL, N'20')
GO
INSERT [dbo].[PieceOfEquipment] ([PieceOfEquipmentID], [SerialNumber], [Capacity], [AddressId], [Status], [InstallLocation], [TenantId], [DueDate], [CustomerId], [Class], [IsStandard], [IsWeigthSet], [IsForAccreditedCal], [CalibrationDate], [EquipmentTemplateId], [WorOrderDetailID], [WorkOrderID], [IndicatorPieceOfEquipmentID], [UnitOfMeasureID], [EquipmentTypeID], [AccuracyPercentage], [DecimalNumber], [Resolution], [ToleranceTypeID], [IsToleranceImport], [IsDelete], [ClassHB44], [IsTestPointImport], [OfflineID], [Notes], [CustomerToolId]) VALUES (N'ALW2-022-2746', N'B751177862', 3000, 0, 1, N'QA Room', 1, CAST(N'2021-10-11T15:42:36.3900000' AS DateTime2), 1, N'III', 0, 0, 0, CAST(N'2021-10-11T15:42:36.3900000' AS DateTime2), 41, NULL, NULL, NULL, 6, NULL, 0.1, 0, 1, 3, 1, 0, 3, 1, NULL, NULL, N'22')
GO
INSERT [dbo].[PieceOfEquipment] ([PieceOfEquipmentID], [SerialNumber], [Capacity], [AddressId], [Status], [InstallLocation], [TenantId], [DueDate], [CustomerId], [Class], [IsStandard], [IsWeigthSet], [IsForAccreditedCal], [CalibrationDate], [EquipmentTemplateId], [WorOrderDetailID], [WorkOrderID], [IndicatorPieceOfEquipmentID], [UnitOfMeasureID], [EquipmentTypeID], [AccuracyPercentage], [DecimalNumber], [Resolution], [ToleranceTypeID], [IsToleranceImport], [IsDelete], [ClassHB44], [IsTestPointImport], [OfflineID], [Notes], [CustomerToolId]) VALUES (N'ALW2-022-2746_Indicator', N'B751177862', 0, 0, 0, N'QA Room', 1, CAST(N'2021-10-11T15:42:32.2430000' AS DateTime2), 1, NULL, 0, 0, 0, CAST(N'2021-10-11T15:42:32.2430000' AS DateTime2), 17, NULL, NULL, NULL, 6, NULL, 0.1, 0, 0, 0, 0, 0, 0, 0, NULL, NULL, N'22')
GO
INSERT [dbo].[PieceOfEquipment] ([PieceOfEquipmentID], [SerialNumber], [Capacity], [AddressId], [Status], [InstallLocation], [TenantId], [DueDate], [CustomerId], [Class], [IsStandard], [IsWeigthSet], [IsForAccreditedCal], [CalibrationDate], [EquipmentTemplateId], [WorOrderDetailID], [WorkOrderID], [IndicatorPieceOfEquipmentID], [UnitOfMeasureID], [EquipmentTypeID], [AccuracyPercentage], [DecimalNumber], [Resolution], [ToleranceTypeID], [IsToleranceImport], [IsDelete], [ClassHB44], [IsTestPointImport], [OfflineID], [Notes], [CustomerToolId]) VALUES (N'ALW2-023-2747', N'B748063945', 3000, 0, 1, N'QA Room', 1, CAST(N'2021-10-11T15:42:36.3900000' AS DateTime2), 1, N'III', 0, 0, 0, CAST(N'2021-10-11T15:42:36.3900000' AS DateTime2), 41, NULL, NULL, NULL, 6, NULL, 0.1, 0, 1, 3, 1, 0, 3, 1, NULL, NULL, N'21')
GO
INSERT [dbo].[PieceOfEquipment] ([PieceOfEquipmentID], [SerialNumber], [Capacity], [AddressId], [Status], [InstallLocation], [TenantId], [DueDate], [CustomerId], [Class], [IsStandard], [IsWeigthSet], [IsForAccreditedCal], [CalibrationDate], [EquipmentTemplateId], [WorOrderDetailID], [WorkOrderID], [IndicatorPieceOfEquipmentID], [UnitOfMeasureID], [EquipmentTypeID], [AccuracyPercentage], [DecimalNumber], [Resolution], [ToleranceTypeID], [IsToleranceImport], [IsDelete], [ClassHB44], [IsTestPointImport], [OfflineID], [Notes], [CustomerToolId]) VALUES (N'ALW2-023-2747_Indicator', N'B748063945', 0, 0, 0, N'QA Room', 1, CAST(N'2021-10-11T15:42:32.2430000' AS DateTime2), 1, NULL, 0, 0, 0, CAST(N'2021-10-11T15:42:32.2430000' AS DateTime2), 17, NULL, NULL, NULL, 6, NULL, 0.1, 0, 0, 0, 0, 0, 0, 0, NULL, NULL, N'21')
GO
INSERT [dbo].[PieceOfEquipment] ([PieceOfEquipmentID], [SerialNumber], [Capacity], [AddressId], [Status], [InstallLocation], [TenantId], [DueDate], [CustomerId], [Class], [IsStandard], [IsWeigthSet], [IsForAccreditedCal], [CalibrationDate], [EquipmentTemplateId], [WorOrderDetailID], [WorkOrderID], [IndicatorPieceOfEquipmentID], [UnitOfMeasureID], [EquipmentTypeID], [AccuracyPercentage], [DecimalNumber], [Resolution], [ToleranceTypeID], [IsToleranceImport], [IsDelete], [ClassHB44], [IsTestPointImport], [OfflineID], [Notes], [CustomerToolId]) VALUES (N'BIM1-001-174_Indicator', N'018025', 0, 0, 0, N'#1 Molder', 1, CAST(N'2021-10-11T15:42:32.2430000' AS DateTime2), 2, NULL, 0, 0, 0, CAST(N'2021-10-11T15:42:32.2430000' AS DateTime2), 27, NULL, NULL, NULL, 3, NULL, 0.1, 0, 0, 0, 0, 0, 0, 0, NULL, NULL, N'')
GO
INSERT [dbo].[PieceOfEquipment] ([PieceOfEquipmentID], [SerialNumber], [Capacity], [AddressId], [Status], [InstallLocation], [TenantId], [DueDate], [CustomerId], [Class], [IsStandard], [IsWeigthSet], [IsForAccreditedCal], [CalibrationDate], [EquipmentTemplateId], [WorOrderDetailID], [WorkOrderID], [IndicatorPieceOfEquipmentID], [UnitOfMeasureID], [EquipmentTypeID], [AccuracyPercentage], [DecimalNumber], [Resolution], [ToleranceTypeID], [IsToleranceImport], [IsDelete], [ClassHB44], [IsTestPointImport], [OfflineID], [Notes], [CustomerToolId]) VALUES (N'BIM1-002-175_Indicator', N'018026', 0, 0, 0, N'Loading Dock', 1, CAST(N'2021-10-11T15:42:32.2430000' AS DateTime2), 2, NULL, 0, 0, 0, CAST(N'2021-10-11T15:42:32.2430000' AS DateTime2), 27, NULL, NULL, NULL, 3, NULL, 0.1, 0, 0, 0, 0, 0, 0, 0, NULL, NULL, N'')
GO
INSERT [dbo].[PieceOfEquipment] ([PieceOfEquipmentID], [SerialNumber], [Capacity], [AddressId], [Status], [InstallLocation], [TenantId], [DueDate], [CustomerId], [Class], [IsStandard], [IsWeigthSet], [IsForAccreditedCal], [CalibrationDate], [EquipmentTemplateId], [WorOrderDetailID], [WorkOrderID], [IndicatorPieceOfEquipmentID], [UnitOfMeasureID], [EquipmentTypeID], [AccuracyPercentage], [DecimalNumber], [Resolution], [ToleranceTypeID], [IsToleranceImport], [IsDelete], [ClassHB44], [IsTestPointImport], [OfflineID], [Notes], [CustomerToolId]) VALUES (N'BIM1-003-152', N'SR55860356', 2500, 0, 1, N'Wrap Line 1', 1, CAST(N'2021-10-11T15:42:36.3900000' AS DateTime2), 2, N'III', 0, 0, 0, CAST(N'2021-10-11T15:42:36.3900000' AS DateTime2), 34, NULL, NULL, NULL, 6, NULL, 0.1, 0, 1, 3, 1, 0, 3, 1, NULL, NULL, N'')
GO
INSERT [dbo].[PieceOfEquipment] ([PieceOfEquipmentID], [SerialNumber], [Capacity], [AddressId], [Status], [InstallLocation], [TenantId], [DueDate], [CustomerId], [Class], [IsStandard], [IsWeigthSet], [IsForAccreditedCal], [CalibrationDate], [EquipmentTemplateId], [WorOrderDetailID], [WorkOrderID], [IndicatorPieceOfEquipmentID], [UnitOfMeasureID], [EquipmentTypeID], [AccuracyPercentage], [DecimalNumber], [Resolution], [ToleranceTypeID], [IsToleranceImport], [IsDelete], [ClassHB44], [IsTestPointImport], [OfflineID], [Notes], [CustomerToolId]) VALUES (N'BIM1-003-152_Indicator', N'SR55860356', 0, 0, 0, N'Wrap Line 1', 1, CAST(N'2021-10-11T15:42:32.2440000' AS DateTime2), 2, NULL, 0, 0, 0, CAST(N'2021-10-11T15:42:32.2440000' AS DateTime2), 8, NULL, NULL, NULL, 6, NULL, 0.1, 0, 0, 0, 0, 0, 0, 0, NULL, NULL, N'')
GO
INSERT [dbo].[PieceOfEquipment] ([PieceOfEquipmentID], [SerialNumber], [Capacity], [AddressId], [Status], [InstallLocation], [TenantId], [DueDate], [CustomerId], [Class], [IsStandard], [IsWeigthSet], [IsForAccreditedCal], [CalibrationDate], [EquipmentTemplateId], [WorOrderDetailID], [WorkOrderID], [IndicatorPieceOfEquipmentID], [UnitOfMeasureID], [EquipmentTypeID], [AccuracyPercentage], [DecimalNumber], [Resolution], [ToleranceTypeID], [IsToleranceImport], [IsDelete], [ClassHB44], [IsTestPointImport], [OfflineID], [Notes], [CustomerToolId]) VALUES (N'BIM1-005-154', N'7295', 100, 0, 1, N'Weigh Prep', 1, CAST(N'2021-10-11T15:42:36.3900000' AS DateTime2), 2, N'III', 0, 0, 0, CAST(N'2021-10-11T15:42:36.3900000' AS DateTime2), 45, NULL, NULL, NULL, 3, NULL, 0.1, 2, 0.05, 3, 1, 0, 3, 1, NULL, NULL, N'')
GO
INSERT [dbo].[PieceOfEquipment] ([PieceOfEquipmentID], [SerialNumber], [Capacity], [AddressId], [Status], [InstallLocation], [TenantId], [DueDate], [CustomerId], [Class], [IsStandard], [IsWeigthSet], [IsForAccreditedCal], [CalibrationDate], [EquipmentTemplateId], [WorOrderDetailID], [WorkOrderID], [IndicatorPieceOfEquipmentID], [UnitOfMeasureID], [EquipmentTypeID], [AccuracyPercentage], [DecimalNumber], [Resolution], [ToleranceTypeID], [IsToleranceImport], [IsDelete], [ClassHB44], [IsTestPointImport], [OfflineID], [Notes], [CustomerToolId]) VALUES (N'BIM1-005-154_Indicator', N'011049', 0, 0, 0, N'Weigh Prep', 1, CAST(N'2021-10-11T15:42:32.2440000' AS DateTime2), 2, NULL, 0, 0, 0, CAST(N'2021-10-11T15:42:32.2440000' AS DateTime2), 27, NULL, NULL, NULL, 3, NULL, 0.1, 0, 0, 0, 0, 0, 0, 0, NULL, NULL, N'')
GO
INSERT [dbo].[PieceOfEquipment] ([PieceOfEquipmentID], [SerialNumber], [Capacity], [AddressId], [Status], [InstallLocation], [TenantId], [DueDate], [CustomerId], [Class], [IsStandard], [IsWeigthSet], [IsForAccreditedCal], [CalibrationDate], [EquipmentTemplateId], [WorOrderDetailID], [WorkOrderID], [IndicatorPieceOfEquipmentID], [UnitOfMeasureID], [EquipmentTypeID], [AccuracyPercentage], [DecimalNumber], [Resolution], [ToleranceTypeID], [IsToleranceImport], [IsDelete], [ClassHB44], [IsTestPointImport], [OfflineID], [Notes], [CustomerToolId]) VALUES (N'BIM1-006-155', N'13967', 200, 0, 1, N'Old Roll Area', 1, CAST(N'2021-10-11T15:42:36.3900000' AS DateTime2), 2, N'III', 0, 0, 0, CAST(N'2021-10-11T15:42:36.3900000' AS DateTime2), 45, NULL, NULL, NULL, 3, NULL, 0.1, 2, 0.05, 3, 1, 0, 3, 1, NULL, NULL, N'')
GO
INSERT [dbo].[PieceOfEquipment] ([PieceOfEquipmentID], [SerialNumber], [Capacity], [AddressId], [Status], [InstallLocation], [TenantId], [DueDate], [CustomerId], [Class], [IsStandard], [IsWeigthSet], [IsForAccreditedCal], [CalibrationDate], [EquipmentTemplateId], [WorOrderDetailID], [WorkOrderID], [IndicatorPieceOfEquipmentID], [UnitOfMeasureID], [EquipmentTypeID], [AccuracyPercentage], [DecimalNumber], [Resolution], [ToleranceTypeID], [IsToleranceImport], [IsDelete], [ClassHB44], [IsTestPointImport], [OfflineID], [Notes], [CustomerToolId]) VALUES (N'BIM1-006-155_Indicator', N'1434500019', 0, 0, 0, N'Old Roll Area', 1, CAST(N'2021-10-11T15:42:32.2440000' AS DateTime2), 2, NULL, 0, 0, 0, CAST(N'2021-10-11T15:42:32.2440000' AS DateTime2), 23, NULL, NULL, NULL, 3, NULL, 0.1, 0, 0, 0, 0, 0, 0, 0, NULL, NULL, N'')
GO
INSERT [dbo].[PieceOfEquipment] ([PieceOfEquipmentID], [SerialNumber], [Capacity], [AddressId], [Status], [InstallLocation], [TenantId], [DueDate], [CustomerId], [Class], [IsStandard], [IsWeigthSet], [IsForAccreditedCal], [CalibrationDate], [EquipmentTemplateId], [WorOrderDetailID], [WorkOrderID], [IndicatorPieceOfEquipmentID], [UnitOfMeasureID], [EquipmentTypeID], [AccuracyPercentage], [DecimalNumber], [Resolution], [ToleranceTypeID], [IsToleranceImport], [IsDelete], [ClassHB44], [IsTestPointImport], [OfflineID], [Notes], [CustomerToolId]) VALUES (N'BIM1-008-156_Indicator', N'92300336', 0, 0, 0, N'Dry Mixer #1 - #71', 1, CAST(N'2021-10-11T15:42:32.2440000' AS DateTime2), 2, NULL, 0, 0, 0, CAST(N'2021-10-11T15:42:32.2440000' AS DateTime2), 20, NULL, NULL, NULL, 3, NULL, 0.1, 0, 0, 0, 0, 0, 0, 0, NULL, NULL, N'')
GO
INSERT [dbo].[PieceOfEquipment] ([PieceOfEquipmentID], [SerialNumber], [Capacity], [AddressId], [Status], [InstallLocation], [TenantId], [DueDate], [CustomerId], [Class], [IsStandard], [IsWeigthSet], [IsForAccreditedCal], [CalibrationDate], [EquipmentTemplateId], [WorOrderDetailID], [WorkOrderID], [IndicatorPieceOfEquipmentID], [UnitOfMeasureID], [EquipmentTypeID], [AccuracyPercentage], [DecimalNumber], [Resolution], [ToleranceTypeID], [IsToleranceImport], [IsDelete], [ClassHB44], [IsTestPointImport], [OfflineID], [Notes], [CustomerToolId]) VALUES (N'BIM1-009-157_Indicator', N'A125274', 0, 0, 0, N'Wet Mixer #1 - #72', 1, CAST(N'2021-10-11T15:42:32.2430000' AS DateTime2), 2, NULL, 0, 0, 0, CAST(N'2021-10-11T15:42:32.2430000' AS DateTime2), 20, NULL, NULL, NULL, 3, NULL, 0.1, 0, 0, 0, 0, 0, 0, 0, NULL, NULL, N'')
GO
INSERT [dbo].[PieceOfEquipment] ([PieceOfEquipmentID], [SerialNumber], [Capacity], [AddressId], [Status], [InstallLocation], [TenantId], [DueDate], [CustomerId], [Class], [IsStandard], [IsWeigthSet], [IsForAccreditedCal], [CalibrationDate], [EquipmentTemplateId], [WorOrderDetailID], [WorkOrderID], [IndicatorPieceOfEquipmentID], [UnitOfMeasureID], [EquipmentTypeID], [AccuracyPercentage], [DecimalNumber], [Resolution], [ToleranceTypeID], [IsToleranceImport], [IsDelete], [ClassHB44], [IsTestPointImport], [OfflineID], [Notes], [CustomerToolId]) VALUES (N'BIM1-009-158_Indicator', N'A115518', 0, 0, 0, N'Wet Mixer #2 - #74', 1, CAST(N'2021-10-11T15:42:32.2440000' AS DateTime2), 2, NULL, 0, 0, 0, CAST(N'2021-10-11T15:42:32.2440000' AS DateTime2), 20, NULL, NULL, NULL, 3, NULL, 0.1, 0, 0, 0, 0, 0, 0, 0, NULL, NULL, N'')
GO
INSERT [dbo].[PieceOfEquipment] ([PieceOfEquipmentID], [SerialNumber], [Capacity], [AddressId], [Status], [InstallLocation], [TenantId], [DueDate], [CustomerId], [Class], [IsStandard], [IsWeigthSet], [IsForAccreditedCal], [CalibrationDate], [EquipmentTemplateId], [WorOrderDetailID], [WorkOrderID], [IndicatorPieceOfEquipmentID], [UnitOfMeasureID], [EquipmentTypeID], [AccuracyPercentage], [DecimalNumber], [Resolution], [ToleranceTypeID], [IsToleranceImport], [IsDelete], [ClassHB44], [IsTestPointImport], [OfflineID], [Notes], [CustomerToolId]) VALUES (N'BIM1-009-159_Indicator', N'A133268', 0, 0, 0, N'Wet Mixer #3 - #76', 1, CAST(N'2021-10-11T15:42:32.2430000' AS DateTime2), 2, NULL, 0, 0, 0, CAST(N'2021-10-11T15:42:32.2430000' AS DateTime2), 20, NULL, NULL, NULL, 3, NULL, 0.1, 0, 0, 0, 0, 0, 0, 0, NULL, NULL, N'')
GO
INSERT [dbo].[PieceOfEquipment] ([PieceOfEquipmentID], [SerialNumber], [Capacity], [AddressId], [Status], [InstallLocation], [TenantId], [DueDate], [CustomerId], [Class], [IsStandard], [IsWeigthSet], [IsForAccreditedCal], [CalibrationDate], [EquipmentTemplateId], [WorOrderDetailID], [WorkOrderID], [IndicatorPieceOfEquipmentID], [UnitOfMeasureID], [EquipmentTypeID], [AccuracyPercentage], [DecimalNumber], [Resolution], [ToleranceTypeID], [IsToleranceImport], [IsDelete], [ClassHB44], [IsTestPointImport], [OfflineID], [Notes], [CustomerToolId]) VALUES (N'BIM1-010-160_Indicator', N'92300335', 0, 0, 0, N'Dry Mixer #2 - #73', 1, CAST(N'2021-10-11T15:42:32.2440000' AS DateTime2), 2, NULL, 0, 0, 0, CAST(N'2021-10-11T15:42:32.2440000' AS DateTime2), 20, NULL, NULL, NULL, 3, NULL, 0.1, 0, 0, 0, 0, 0, 0, 0, NULL, NULL, N'')
GO
INSERT [dbo].[PieceOfEquipment] ([PieceOfEquipmentID], [SerialNumber], [Capacity], [AddressId], [Status], [InstallLocation], [TenantId], [DueDate], [CustomerId], [Class], [IsStandard], [IsWeigthSet], [IsForAccreditedCal], [CalibrationDate], [EquipmentTemplateId], [WorOrderDetailID], [WorkOrderID], [IndicatorPieceOfEquipmentID], [UnitOfMeasureID], [EquipmentTypeID], [AccuracyPercentage], [DecimalNumber], [Resolution], [ToleranceTypeID], [IsToleranceImport], [IsDelete], [ClassHB44], [IsTestPointImport], [OfflineID], [Notes], [CustomerToolId]) VALUES (N'BIM1-011-161_Indicator', N'A071158', 0, 0, 0, N'Dry Mixer #3 - #75', 1, CAST(N'2021-10-11T15:42:32.2440000' AS DateTime2), 2, NULL, 0, 0, 0, CAST(N'2021-10-11T15:42:32.2440000' AS DateTime2), 20, NULL, NULL, NULL, 3, NULL, 0.1, 0, 0, 0, 0, 0, 0, 0, NULL, NULL, N'')
GO
INSERT [dbo].[PieceOfEquipment] ([PieceOfEquipmentID], [SerialNumber], [Capacity], [AddressId], [Status], [InstallLocation], [TenantId], [DueDate], [CustomerId], [Class], [IsStandard], [IsWeigthSet], [IsForAccreditedCal], [CalibrationDate], [EquipmentTemplateId], [WorOrderDetailID], [WorkOrderID], [IndicatorPieceOfEquipmentID], [UnitOfMeasureID], [EquipmentTypeID], [AccuracyPercentage], [DecimalNumber], [Resolution], [ToleranceTypeID], [IsToleranceImport], [IsDelete], [ClassHB44], [IsTestPointImport], [OfflineID], [Notes], [CustomerToolId]) VALUES (N'BIM1-012-162', N'7294', 100, 0, 1, N'Production Oven', 1, CAST(N'2021-10-11T15:42:36.3900000' AS DateTime2), 2, N'III', 0, 0, 0, CAST(N'2021-10-11T15:42:36.3900000' AS DateTime2), 45, NULL, NULL, NULL, 3, NULL, 0.1, 2, 0.05, 3, 1, 0, 3, 1, NULL, NULL, N'')
GO
INSERT [dbo].[PieceOfEquipment] ([PieceOfEquipmentID], [SerialNumber], [Capacity], [AddressId], [Status], [InstallLocation], [TenantId], [DueDate], [CustomerId], [Class], [IsStandard], [IsWeigthSet], [IsForAccreditedCal], [CalibrationDate], [EquipmentTemplateId], [WorOrderDetailID], [WorkOrderID], [IndicatorPieceOfEquipmentID], [UnitOfMeasureID], [EquipmentTypeID], [AccuracyPercentage], [DecimalNumber], [Resolution], [ToleranceTypeID], [IsToleranceImport], [IsDelete], [ClassHB44], [IsTestPointImport], [OfflineID], [Notes], [CustomerToolId]) VALUES (N'BIM1-012-162_Indicator', N'013964', 0, 0, 0, N'Production Oven', 1, CAST(N'2021-10-11T15:42:32.2440000' AS DateTime2), 2, NULL, 0, 0, 0, CAST(N'2021-10-11T15:42:32.2440000' AS DateTime2), 27, NULL, NULL, NULL, 3, NULL, 0.1, 0, 0, 0, 0, 0, 0, 0, NULL, NULL, N'')
GO
INSERT [dbo].[PieceOfEquipment] ([PieceOfEquipmentID], [SerialNumber], [Capacity], [AddressId], [Status], [InstallLocation], [TenantId], [DueDate], [CustomerId], [Class], [IsStandard], [IsWeigthSet], [IsForAccreditedCal], [CalibrationDate], [EquipmentTemplateId], [WorOrderDetailID], [WorkOrderID], [IndicatorPieceOfEquipmentID], [UnitOfMeasureID], [EquipmentTypeID], [AccuracyPercentage], [DecimalNumber], [Resolution], [ToleranceTypeID], [IsToleranceImport], [IsDelete], [ClassHB44], [IsTestPointImport], [OfflineID], [Notes], [CustomerToolId]) VALUES (N'BIM1-013-163_Indicator', N'7122150629', 0, 0, 0, N'Lab', 1, CAST(N'2021-10-11T15:42:32.2440000' AS DateTime2), 2, NULL, 0, 0, 0, CAST(N'2021-10-11T15:42:32.2440000' AS DateTime2), 15, NULL, NULL, NULL, 6, NULL, 0.1, 0, 0, 0, 0, 0, 0, 0, NULL, NULL, N'')
GO
INSERT [dbo].[PieceOfEquipment] ([PieceOfEquipmentID], [SerialNumber], [Capacity], [AddressId], [Status], [InstallLocation], [TenantId], [DueDate], [CustomerId], [Class], [IsStandard], [IsWeigthSet], [IsForAccreditedCal], [CalibrationDate], [EquipmentTemplateId], [WorOrderDetailID], [WorkOrderID], [IndicatorPieceOfEquipmentID], [UnitOfMeasureID], [EquipmentTypeID], [AccuracyPercentage], [DecimalNumber], [Resolution], [ToleranceTypeID], [IsToleranceImport], [IsDelete], [ClassHB44], [IsTestPointImport], [OfflineID], [Notes], [CustomerToolId]) VALUES (N'BIM1-014-164_Indicator', N'1121141390', 0, 0, 0, N'Production Office', 1, CAST(N'2021-10-11T15:42:32.2430000' AS DateTime2), 2, NULL, 0, 0, 0, CAST(N'2021-10-11T15:42:32.2440000' AS DateTime2), 13, NULL, NULL, NULL, 6, NULL, 0.1, 0, 0, 0, 0, 0, 0, 0, NULL, NULL, N'')
GO
INSERT [dbo].[PieceOfEquipment] ([PieceOfEquipmentID], [SerialNumber], [Capacity], [AddressId], [Status], [InstallLocation], [TenantId], [DueDate], [CustomerId], [Class], [IsStandard], [IsWeigthSet], [IsForAccreditedCal], [CalibrationDate], [EquipmentTemplateId], [WorOrderDetailID], [WorkOrderID], [IndicatorPieceOfEquipmentID], [UnitOfMeasureID], [EquipmentTypeID], [AccuracyPercentage], [DecimalNumber], [Resolution], [ToleranceTypeID], [IsToleranceImport], [IsDelete], [ClassHB44], [IsTestPointImport], [OfflineID], [Notes], [CustomerToolId]) VALUES (N'BIM1-016-165_Indicator', N'M4106623', 0, 0, 0, N'Production Office', 1, CAST(N'2021-10-11T15:42:32.2440000' AS DateTime2), 2, NULL, 0, 0, 0, CAST(N'2021-10-11T15:42:32.2440000' AS DateTime2), 1, NULL, NULL, NULL, 6, NULL, 0.1, 0, 0, 0, 0, 0, 0, 0, NULL, NULL, N'')
GO
INSERT [dbo].[PieceOfEquipment] ([PieceOfEquipmentID], [SerialNumber], [Capacity], [AddressId], [Status], [InstallLocation], [TenantId], [DueDate], [CustomerId], [Class], [IsStandard], [IsWeigthSet], [IsForAccreditedCal], [CalibrationDate], [EquipmentTemplateId], [WorOrderDetailID], [WorkOrderID], [IndicatorPieceOfEquipmentID], [UnitOfMeasureID], [EquipmentTypeID], [AccuracyPercentage], [DecimalNumber], [Resolution], [ToleranceTypeID], [IsToleranceImport], [IsDelete], [ClassHB44], [IsTestPointImport], [OfflineID], [Notes], [CustomerToolId]) VALUES (N'BIM1-017-166_Indicator', N'91-199865', 0, 0, 0, N'BK Cooler Ice', 1, CAST(N'2021-10-11T15:42:32.2430000' AS DateTime2), 2, NULL, 0, 0, 0, CAST(N'2021-10-11T15:42:32.2430000' AS DateTime2), 19, NULL, NULL, NULL, 6, NULL, 0.1, 0, 0, 0, 0, 0, 0, 0, NULL, NULL, N'')
GO
INSERT [dbo].[PieceOfEquipment] ([PieceOfEquipmentID], [SerialNumber], [Capacity], [AddressId], [Status], [InstallLocation], [TenantId], [DueDate], [CustomerId], [Class], [IsStandard], [IsWeigthSet], [IsForAccreditedCal], [CalibrationDate], [EquipmentTemplateId], [WorOrderDetailID], [WorkOrderID], [IndicatorPieceOfEquipmentID], [UnitOfMeasureID], [EquipmentTypeID], [AccuracyPercentage], [DecimalNumber], [Resolution], [ToleranceTypeID], [IsToleranceImport], [IsDelete], [ClassHB44], [IsTestPointImport], [OfflineID], [Notes], [CustomerToolId]) VALUES (N'BIM1-019-167', N'SR55870011', 2500, 0, 2, N'Floor Office', 1, CAST(N'2021-10-11T15:42:36.3900000' AS DateTime2), 2, N'III', 0, 0, 0, CAST(N'2021-10-11T15:42:36.3900000' AS DateTime2), 34, NULL, NULL, NULL, 6, NULL, 0.1, 0, 1, 3, 1, 0, 3, 1, NULL, NULL, N'')
GO
INSERT [dbo].[PieceOfEquipment] ([PieceOfEquipmentID], [SerialNumber], [Capacity], [AddressId], [Status], [InstallLocation], [TenantId], [DueDate], [CustomerId], [Class], [IsStandard], [IsWeigthSet], [IsForAccreditedCal], [CalibrationDate], [EquipmentTemplateId], [WorOrderDetailID], [WorkOrderID], [IndicatorPieceOfEquipmentID], [UnitOfMeasureID], [EquipmentTypeID], [AccuracyPercentage], [DecimalNumber], [Resolution], [ToleranceTypeID], [IsToleranceImport], [IsDelete], [ClassHB44], [IsTestPointImport], [OfflineID], [Notes], [CustomerToolId]) VALUES (N'BIM1-019-167_Indicator', N'SR55870011', 0, 0, 0, N'Floor Office', 1, CAST(N'2021-10-11T15:42:32.2430000' AS DateTime2), 2, NULL, 0, 0, 0, CAST(N'2021-10-11T15:42:32.2430000' AS DateTime2), 8, NULL, NULL, NULL, 6, NULL, 0.1, 0, 0, 0, 0, 0, 0, 0, NULL, NULL, N'')
GO
INSERT [dbo].[PieceOfEquipment] ([PieceOfEquipmentID], [SerialNumber], [Capacity], [AddressId], [Status], [InstallLocation], [TenantId], [DueDate], [CustomerId], [Class], [IsStandard], [IsWeigthSet], [IsForAccreditedCal], [CalibrationDate], [EquipmentTemplateId], [WorOrderDetailID], [WorkOrderID], [IndicatorPieceOfEquipmentID], [UnitOfMeasureID], [EquipmentTypeID], [AccuracyPercentage], [DecimalNumber], [Resolution], [ToleranceTypeID], [IsToleranceImport], [IsDelete], [ClassHB44], [IsTestPointImport], [OfflineID], [Notes], [CustomerToolId]) VALUES (N'BIM1-020-168', N'C25984', 5000, 0, 1, N'Elevator', 1, CAST(N'2021-10-11T15:42:36.3900000' AS DateTime2), 2, N'III', 0, 0, 0, CAST(N'2021-10-11T15:42:36.3900000' AS DateTime2), 43, NULL, NULL, NULL, 3, NULL, 0.1, 0, 1, 3, 1, 0, 3, 1, NULL, NULL, N'')
GO
INSERT [dbo].[PieceOfEquipment] ([PieceOfEquipmentID], [SerialNumber], [Capacity], [AddressId], [Status], [InstallLocation], [TenantId], [DueDate], [CustomerId], [Class], [IsStandard], [IsWeigthSet], [IsForAccreditedCal], [CalibrationDate], [EquipmentTemplateId], [WorOrderDetailID], [WorkOrderID], [IndicatorPieceOfEquipmentID], [UnitOfMeasureID], [EquipmentTypeID], [AccuracyPercentage], [DecimalNumber], [Resolution], [ToleranceTypeID], [IsToleranceImport], [IsDelete], [ClassHB44], [IsTestPointImport], [OfflineID], [Notes], [CustomerToolId]) VALUES (N'BIM1-020-168_Indicator', N'145788', 0, 0, 0, N'Elevator', 1, CAST(N'2021-10-11T15:42:32.2430000' AS DateTime2), 2, NULL, 0, 0, 0, CAST(N'2021-10-11T15:42:32.2430000' AS DateTime2), 24, NULL, NULL, NULL, 3, NULL, 0.1, 0, 0, 0, 0, 0, 0, 0, NULL, NULL, N'')
GO
INSERT [dbo].[PieceOfEquipment] ([PieceOfEquipmentID], [SerialNumber], [Capacity], [AddressId], [Status], [InstallLocation], [TenantId], [DueDate], [CustomerId], [Class], [IsStandard], [IsWeigthSet], [IsForAccreditedCal], [CalibrationDate], [EquipmentTemplateId], [WorOrderDetailID], [WorkOrderID], [IndicatorPieceOfEquipmentID], [UnitOfMeasureID], [EquipmentTypeID], [AccuracyPercentage], [DecimalNumber], [Resolution], [ToleranceTypeID], [IsToleranceImport], [IsDelete], [ClassHB44], [IsTestPointImport], [OfflineID], [Notes], [CustomerToolId]) VALUES (N'BIM1-021-169', N'DSS02676', 150, 0, 1, N'Mixing Area', 1, CAST(N'2021-10-11T15:42:36.3900000' AS DateTime2), 2, N'III', 0, 0, 0, CAST(N'2021-10-11T15:42:36.3900000' AS DateTime2), 32, NULL, NULL, NULL, 3, NULL, 0.1, 2, 0.01, 3, 1, 0, 3, 1, NULL, NULL, N'')
GO
INSERT [dbo].[PieceOfEquipment] ([PieceOfEquipmentID], [SerialNumber], [Capacity], [AddressId], [Status], [InstallLocation], [TenantId], [DueDate], [CustomerId], [Class], [IsStandard], [IsWeigthSet], [IsForAccreditedCal], [CalibrationDate], [EquipmentTemplateId], [WorOrderDetailID], [WorkOrderID], [IndicatorPieceOfEquipmentID], [UnitOfMeasureID], [EquipmentTypeID], [AccuracyPercentage], [DecimalNumber], [Resolution], [ToleranceTypeID], [IsToleranceImport], [IsDelete], [ClassHB44], [IsTestPointImport], [OfflineID], [Notes], [CustomerToolId]) VALUES (N'BIM1-021-169_Indicator', N'FC0550', 0, 0, 0, N'Mixing Area', 1, CAST(N'2021-10-11T15:42:32.2430000' AS DateTime2), 2, NULL, 0, 0, 0, CAST(N'2021-10-11T15:42:32.2430000' AS DateTime2), 7, NULL, NULL, NULL, 3, NULL, 0.1, 0, 0, 0, 0, 0, 0, 0, NULL, NULL, N'')
GO
INSERT [dbo].[PieceOfEquipment] ([PieceOfEquipmentID], [SerialNumber], [Capacity], [AddressId], [Status], [InstallLocation], [TenantId], [DueDate], [CustomerId], [Class], [IsStandard], [IsWeigthSet], [IsForAccreditedCal], [CalibrationDate], [EquipmentTemplateId], [WorOrderDetailID], [WorkOrderID], [IndicatorPieceOfEquipmentID], [UnitOfMeasureID], [EquipmentTypeID], [AccuracyPercentage], [DecimalNumber], [Resolution], [ToleranceTypeID], [IsToleranceImport], [IsDelete], [ClassHB44], [IsTestPointImport], [OfflineID], [Notes], [CustomerToolId]) VALUES (N'BIM1-022-170', N'14032', 100, 0, 1, N'Mixing Area', 1, CAST(N'2021-10-11T15:42:36.3900000' AS DateTime2), 2, N'III', 0, 0, 0, CAST(N'2021-10-11T15:42:36.3900000' AS DateTime2), 45, NULL, NULL, NULL, 3, NULL, 0.1, 2, 0.05, 3, 1, 0, 3, 1, NULL, NULL, N'')
GO
INSERT [dbo].[PieceOfEquipment] ([PieceOfEquipmentID], [SerialNumber], [Capacity], [AddressId], [Status], [InstallLocation], [TenantId], [DueDate], [CustomerId], [Class], [IsStandard], [IsWeigthSet], [IsForAccreditedCal], [CalibrationDate], [EquipmentTemplateId], [WorOrderDetailID], [WorkOrderID], [IndicatorPieceOfEquipmentID], [UnitOfMeasureID], [EquipmentTypeID], [AccuracyPercentage], [DecimalNumber], [Resolution], [ToleranceTypeID], [IsToleranceImport], [IsDelete], [ClassHB44], [IsTestPointImport], [OfflineID], [Notes], [CustomerToolId]) VALUES (N'BIM1-022-170_Indicator', N'017881', 0, 0, 0, N'Mixing Area', 1, CAST(N'2021-10-11T15:42:32.2430000' AS DateTime2), 2, NULL, 0, 0, 0, CAST(N'2021-10-11T15:42:32.2430000' AS DateTime2), 27, NULL, NULL, NULL, 3, NULL, 0.1, 0, 0, 0, 0, 0, 0, 0, NULL, NULL, N'')
GO
INSERT [dbo].[PieceOfEquipment] ([PieceOfEquipmentID], [SerialNumber], [Capacity], [AddressId], [Status], [InstallLocation], [TenantId], [DueDate], [CustomerId], [Class], [IsStandard], [IsWeigthSet], [IsForAccreditedCal], [CalibrationDate], [EquipmentTemplateId], [WorOrderDetailID], [WorkOrderID], [IndicatorPieceOfEquipmentID], [UnitOfMeasureID], [EquipmentTypeID], [AccuracyPercentage], [DecimalNumber], [Resolution], [ToleranceTypeID], [IsToleranceImport], [IsDelete], [ClassHB44], [IsTestPointImport], [OfflineID], [Notes], [CustomerToolId]) VALUES (N'BIM1-024-171', N'1165616-1EL', 100, 0, 1, N'Basement Storage', 1, CAST(N'2021-10-11T15:42:36.3900000' AS DateTime2), 2, N'III', 0, 0, 0, CAST(N'2021-10-11T15:42:36.3900000' AS DateTime2), 39, NULL, NULL, NULL, 3, NULL, 0.1, 2, 0.01, 3, 1, 0, 3, 1, NULL, NULL, N'')
GO
INSERT [dbo].[PieceOfEquipment] ([PieceOfEquipmentID], [SerialNumber], [Capacity], [AddressId], [Status], [InstallLocation], [TenantId], [DueDate], [CustomerId], [Class], [IsStandard], [IsWeigthSet], [IsForAccreditedCal], [CalibrationDate], [EquipmentTemplateId], [WorOrderDetailID], [WorkOrderID], [IndicatorPieceOfEquipmentID], [UnitOfMeasureID], [EquipmentTypeID], [AccuracyPercentage], [DecimalNumber], [Resolution], [ToleranceTypeID], [IsToleranceImport], [IsDelete], [ClassHB44], [IsTestPointImport], [OfflineID], [Notes], [CustomerToolId]) VALUES (N'BIM1-024-171_Indicator', N'5633059-5EL', 0, 0, 0, N'Basement Storage', 1, CAST(N'2021-10-11T15:42:32.2430000' AS DateTime2), 2, NULL, 0, 0, 0, CAST(N'2021-10-11T15:42:32.2430000' AS DateTime2), 14, NULL, NULL, NULL, 3, NULL, 0.1, 0, 0, 0, 0, 0, 0, 0, NULL, NULL, N'')
GO
INSERT [dbo].[PieceOfEquipment] ([PieceOfEquipmentID], [SerialNumber], [Capacity], [AddressId], [Status], [InstallLocation], [TenantId], [DueDate], [CustomerId], [Class], [IsStandard], [IsWeigthSet], [IsForAccreditedCal], [CalibrationDate], [EquipmentTemplateId], [WorOrderDetailID], [WorkOrderID], [IndicatorPieceOfEquipmentID], [UnitOfMeasureID], [EquipmentTypeID], [AccuracyPercentage], [DecimalNumber], [Resolution], [ToleranceTypeID], [IsToleranceImport], [IsDelete], [ClassHB44], [IsTestPointImport], [OfflineID], [Notes], [CustomerToolId]) VALUES (N'BIM1-025-172', N'18870', 3000, 0, 1, N'Bread Wrapping', 1, CAST(N'2021-10-11T15:42:36.3900000' AS DateTime2), 2, N'III', 0, 0, 0, CAST(N'2021-10-11T15:42:36.3900000' AS DateTime2), 46, NULL, NULL, NULL, 6, NULL, 0.1, 0, 1, 3, 1, 0, 3, 1, NULL, NULL, N'')
GO
INSERT [dbo].[PieceOfEquipment] ([PieceOfEquipmentID], [SerialNumber], [Capacity], [AddressId], [Status], [InstallLocation], [TenantId], [DueDate], [CustomerId], [Class], [IsStandard], [IsWeigthSet], [IsForAccreditedCal], [CalibrationDate], [EquipmentTemplateId], [WorOrderDetailID], [WorkOrderID], [IndicatorPieceOfEquipmentID], [UnitOfMeasureID], [EquipmentTypeID], [AccuracyPercentage], [DecimalNumber], [Resolution], [ToleranceTypeID], [IsToleranceImport], [IsDelete], [ClassHB44], [IsTestPointImport], [OfflineID], [Notes], [CustomerToolId]) VALUES (N'BIM1-025-172_Indicator', N'018870', 0, 0, 0, N'Bread Wrapping', 1, CAST(N'2021-10-11T15:42:32.2430000' AS DateTime2), 2, NULL, 0, 0, 0, CAST(N'2021-10-11T15:42:32.2430000' AS DateTime2), 26, NULL, NULL, NULL, 6, NULL, 0.1, 0, 0, 0, 0, 0, 0, 0, NULL, NULL, N'')
GO
INSERT [dbo].[PieceOfEquipment] ([PieceOfEquipmentID], [SerialNumber], [Capacity], [AddressId], [Status], [InstallLocation], [TenantId], [DueDate], [CustomerId], [Class], [IsStandard], [IsWeigthSet], [IsForAccreditedCal], [CalibrationDate], [EquipmentTemplateId], [WorOrderDetailID], [WorkOrderID], [IndicatorPieceOfEquipmentID], [UnitOfMeasureID], [EquipmentTypeID], [AccuracyPercentage], [DecimalNumber], [Resolution], [ToleranceTypeID], [IsToleranceImport], [IsDelete], [ClassHB44], [IsTestPointImport], [OfflineID], [Notes], [CustomerToolId]) VALUES (N'BIM1-026-173_Indicator', N'1121442224', 0, 0, 0, N'Lab', 1, CAST(N'2021-10-11T15:42:32.2430000' AS DateTime2), 2, NULL, 0, 0, 0, CAST(N'2021-10-11T15:42:32.2430000' AS DateTime2), 13, NULL, NULL, NULL, 6, NULL, 0.1, 0, 0, 0, 0, 0, 0, 0, NULL, NULL, N'')
GO
INSERT [dbo].[PieceOfEquipment] ([PieceOfEquipmentID], [SerialNumber], [Capacity], [AddressId], [Status], [InstallLocation], [TenantId], [DueDate], [CustomerId], [Class], [IsStandard], [IsWeigthSet], [IsForAccreditedCal], [CalibrationDate], [EquipmentTemplateId], [WorOrderDetailID], [WorkOrderID], [IndicatorPieceOfEquipmentID], [UnitOfMeasureID], [EquipmentTypeID], [AccuracyPercentage], [DecimalNumber], [Resolution], [ToleranceTypeID], [IsToleranceImport], [IsDelete], [ClassHB44], [IsTestPointImport], [OfflineID], [Notes], [CustomerToolId]) VALUES (N'ORG1-004-2721', N'41960', 5000, 0, 1, N'Mill', 1, CAST(N'2021-10-11T15:42:36.3900000' AS DateTime2), 4, N'III', 0, 0, 0, CAST(N'2021-10-11T15:42:36.3900000' AS DateTime2), 47, NULL, NULL, NULL, 3, NULL, 0.1, 0, 1, 3, 1, 0, 3, 1, NULL, NULL, N'')
GO
INSERT [dbo].[PieceOfEquipment] ([PieceOfEquipmentID], [SerialNumber], [Capacity], [AddressId], [Status], [InstallLocation], [TenantId], [DueDate], [CustomerId], [Class], [IsStandard], [IsWeigthSet], [IsForAccreditedCal], [CalibrationDate], [EquipmentTemplateId], [WorOrderDetailID], [WorkOrderID], [IndicatorPieceOfEquipmentID], [UnitOfMeasureID], [EquipmentTypeID], [AccuracyPercentage], [DecimalNumber], [Resolution], [ToleranceTypeID], [IsToleranceImport], [IsDelete], [ClassHB44], [IsTestPointImport], [OfflineID], [Notes], [CustomerToolId]) VALUES (N'ORG1-004-2721_Indicator', N'052233', 0, 0, 0, N'Mill', 1, CAST(N'2021-10-11T15:42:32.2440000' AS DateTime2), 4, NULL, 0, 0, 0, CAST(N'2021-10-11T15:42:32.2440000' AS DateTime2), 28, NULL, NULL, NULL, 3, NULL, 0.1, 0, 0, 0, 0, 0, 0, 0, NULL, NULL, N'')
GO
INSERT [dbo].[PieceOfEquipment] ([PieceOfEquipmentID], [SerialNumber], [Capacity], [AddressId], [Status], [InstallLocation], [TenantId], [DueDate], [CustomerId], [Class], [IsStandard], [IsWeigthSet], [IsForAccreditedCal], [CalibrationDate], [EquipmentTemplateId], [WorOrderDetailID], [WorkOrderID], [IndicatorPieceOfEquipmentID], [UnitOfMeasureID], [EquipmentTypeID], [AccuracyPercentage], [DecimalNumber], [Resolution], [ToleranceTypeID], [IsToleranceImport], [IsDelete], [ClassHB44], [IsTestPointImport], [OfflineID], [Notes], [CustomerToolId]) VALUES (N'ORG1-005-2722', N'050917', 150, 0, 1, N'Mill', 1, CAST(N'2021-10-11T15:42:36.3900000' AS DateTime2), 4, N'III', 0, 0, 0, CAST(N'2021-10-11T15:42:36.3900000' AS DateTime2), 36, NULL, NULL, NULL, 3, NULL, 0.1, 2, 0.05, 3, 1, 0, 3, 1, NULL, NULL, N'')
GO
INSERT [dbo].[PieceOfEquipment] ([PieceOfEquipmentID], [SerialNumber], [Capacity], [AddressId], [Status], [InstallLocation], [TenantId], [DueDate], [CustomerId], [Class], [IsStandard], [IsWeigthSet], [IsForAccreditedCal], [CalibrationDate], [EquipmentTemplateId], [WorOrderDetailID], [WorkOrderID], [IndicatorPieceOfEquipmentID], [UnitOfMeasureID], [EquipmentTypeID], [AccuracyPercentage], [DecimalNumber], [Resolution], [ToleranceTypeID], [IsToleranceImport], [IsDelete], [ClassHB44], [IsTestPointImport], [OfflineID], [Notes], [CustomerToolId]) VALUES (N'ORG1-005-2722_Indicator', N'20242', 0, 0, 0, N'Mill', 1, CAST(N'2021-10-11T15:42:32.2440000' AS DateTime2), 4, NULL, 0, 0, 0, CAST(N'2021-10-11T15:42:32.2440000' AS DateTime2), 10, NULL, NULL, NULL, 3, NULL, 0.1, 0, 0, 0, 0, 0, 0, 0, NULL, NULL, N'')
GO
INSERT [dbo].[PieceOfEquipment] ([PieceOfEquipmentID], [SerialNumber], [Capacity], [AddressId], [Status], [InstallLocation], [TenantId], [DueDate], [CustomerId], [Class], [IsStandard], [IsWeigthSet], [IsForAccreditedCal], [CalibrationDate], [EquipmentTemplateId], [WorOrderDetailID], [WorkOrderID], [IndicatorPieceOfEquipmentID], [UnitOfMeasureID], [EquipmentTypeID], [AccuracyPercentage], [DecimalNumber], [Resolution], [ToleranceTypeID], [IsToleranceImport], [IsDelete], [ClassHB44], [IsTestPointImport], [OfflineID], [Notes], [CustomerToolId]) VALUES (N'ORG1-007-2734_Indicator', N'1783300007', 0, 0, 0, N'Major', 1, CAST(N'2021-10-11T15:42:32.2440000' AS DateTime2), 4, NULL, 0, 0, 0, CAST(N'2021-10-11T15:42:32.2440000' AS DateTime2), 21, NULL, NULL, NULL, 3, NULL, 0.1, 0, 0, 0, 0, 0, 0, 0, NULL, NULL, N'')
GO
INSERT [dbo].[PieceOfEquipment] ([PieceOfEquipmentID], [SerialNumber], [Capacity], [AddressId], [Status], [InstallLocation], [TenantId], [DueDate], [CustomerId], [Class], [IsStandard], [IsWeigthSet], [IsForAccreditedCal], [CalibrationDate], [EquipmentTemplateId], [WorOrderDetailID], [WorkOrderID], [IndicatorPieceOfEquipmentID], [UnitOfMeasureID], [EquipmentTypeID], [AccuracyPercentage], [DecimalNumber], [Resolution], [ToleranceTypeID], [IsToleranceImport], [IsDelete], [ClassHB44], [IsTestPointImport], [OfflineID], [Notes], [CustomerToolId]) VALUES (N'ORG1-008-2735_Indicator', N'1783300007', 0, 0, 0, N'Chip Scale', 1, CAST(N'2021-10-11T15:42:32.2440000' AS DateTime2), 4, NULL, 0, 0, 0, CAST(N'2021-10-11T15:42:32.2440000' AS DateTime2), 21, NULL, NULL, NULL, 3, NULL, 0.1, 0, 0, 0, 0, 0, 0, 0, NULL, NULL, N'')
GO
INSERT [dbo].[PieceOfEquipment] ([PieceOfEquipmentID], [SerialNumber], [Capacity], [AddressId], [Status], [InstallLocation], [TenantId], [DueDate], [CustomerId], [Class], [IsStandard], [IsWeigthSet], [IsForAccreditedCal], [CalibrationDate], [EquipmentTemplateId], [WorOrderDetailID], [WorkOrderID], [IndicatorPieceOfEquipmentID], [UnitOfMeasureID], [EquipmentTypeID], [AccuracyPercentage], [DecimalNumber], [Resolution], [ToleranceTypeID], [IsToleranceImport], [IsDelete], [ClassHB44], [IsTestPointImport], [OfflineID], [Notes], [CustomerToolId]) VALUES (N'ORG1-009-2736_Indicator', N'1783300007', 0, 0, 0, N'Micro', 1, CAST(N'2021-10-11T15:42:32.2440000' AS DateTime2), 4, NULL, 0, 0, 0, CAST(N'2021-10-11T15:42:32.2440000' AS DateTime2), 21, NULL, NULL, NULL, 3, NULL, 0.1, 0, 0, 0, 0, 0, 0, 0, NULL, NULL, N'')
GO
INSERT [dbo].[PieceOfEquipment] ([PieceOfEquipmentID], [SerialNumber], [Capacity], [AddressId], [Status], [InstallLocation], [TenantId], [DueDate], [CustomerId], [Class], [IsStandard], [IsWeigthSet], [IsForAccreditedCal], [CalibrationDate], [EquipmentTemplateId], [WorOrderDetailID], [WorkOrderID], [IndicatorPieceOfEquipmentID], [UnitOfMeasureID], [EquipmentTypeID], [AccuracyPercentage], [DecimalNumber], [Resolution], [ToleranceTypeID], [IsToleranceImport], [IsDelete], [ClassHB44], [IsTestPointImport], [OfflineID], [Notes], [CustomerToolId]) VALUES (N'ORG1-014-2738', N'A4521', 100, 0, 1, N'Beside Mixer', 1, CAST(N'2021-10-11T15:42:36.3900000' AS DateTime2), 4, N'III', 0, 0, 0, CAST(N'2021-10-11T15:42:36.3900000' AS DateTime2), 33, NULL, NULL, NULL, 3, NULL, 0.1, 2, 0.02, 3, 1, 0, 3, 1, NULL, NULL, N'')
GO
INSERT [dbo].[PieceOfEquipment] ([PieceOfEquipmentID], [SerialNumber], [Capacity], [AddressId], [Status], [InstallLocation], [TenantId], [DueDate], [CustomerId], [Class], [IsStandard], [IsWeigthSet], [IsForAccreditedCal], [CalibrationDate], [EquipmentTemplateId], [WorOrderDetailID], [WorkOrderID], [IndicatorPieceOfEquipmentID], [UnitOfMeasureID], [EquipmentTypeID], [AccuracyPercentage], [DecimalNumber], [Resolution], [ToleranceTypeID], [IsToleranceImport], [IsDelete], [ClassHB44], [IsTestPointImport], [OfflineID], [Notes], [CustomerToolId]) VALUES (N'ORG1-014-2738_Indicator', N'XL748204', 0, 0, 0, N'Beside Mixer', 1, CAST(N'2021-10-11T15:42:32.2440000' AS DateTime2), 4, NULL, 0, 0, 0, CAST(N'2021-10-11T15:42:32.2440000' AS DateTime2), 6, NULL, NULL, NULL, 3, NULL, 0.1, 0, 0, 0, 0, 0, 0, 0, NULL, NULL, N'')
GO
INSERT [dbo].[PieceOfEquipment] ([PieceOfEquipmentID], [SerialNumber], [Capacity], [AddressId], [Status], [InstallLocation], [TenantId], [DueDate], [CustomerId], [Class], [IsStandard], [IsWeigthSet], [IsForAccreditedCal], [CalibrationDate], [EquipmentTemplateId], [WorOrderDetailID], [WorkOrderID], [IndicatorPieceOfEquipmentID], [UnitOfMeasureID], [EquipmentTypeID], [AccuracyPercentage], [DecimalNumber], [Resolution], [ToleranceTypeID], [IsToleranceImport], [IsDelete], [ClassHB44], [IsTestPointImport], [OfflineID], [Notes], [CustomerToolId]) VALUES (N'REM1-001-362', N'E04010-0187', 1000, 0, 2, N'Living Room', 1, CAST(N'2021-10-11T15:42:36.3900000' AS DateTime2), 5, N'III', 0, 0, 0, CAST(N'2021-10-11T15:42:36.3900000' AS DateTime2), 31, NULL, NULL, NULL, 3, NULL, 0.1, 1, 0.2, 3, 1, 0, 3, 1, NULL, NULL, N'')
GO
INSERT [dbo].[PieceOfEquipment] ([PieceOfEquipmentID], [SerialNumber], [Capacity], [AddressId], [Status], [InstallLocation], [TenantId], [DueDate], [CustomerId], [Class], [IsStandard], [IsWeigthSet], [IsForAccreditedCal], [CalibrationDate], [EquipmentTemplateId], [WorOrderDetailID], [WorkOrderID], [IndicatorPieceOfEquipmentID], [UnitOfMeasureID], [EquipmentTypeID], [AccuracyPercentage], [DecimalNumber], [Resolution], [ToleranceTypeID], [IsToleranceImport], [IsDelete], [ClassHB44], [IsTestPointImport], [OfflineID], [Notes], [CustomerToolId]) VALUES (N'REM1-001-362_Indicator', N'359891', 0, 0, 0, N'Living Room', 1, CAST(N'2021-10-11T15:42:32.2440000' AS DateTime2), 5, NULL, 0, 0, 0, CAST(N'2021-10-11T15:42:32.2440000' AS DateTime2), 22, NULL, NULL, NULL, 3, NULL, 0.1, 0, 0, 0, 0, 0, 0, 0, NULL, NULL, N'')
GO
INSERT [dbo].[PieceOfEquipment] ([PieceOfEquipmentID], [SerialNumber], [Capacity], [AddressId], [Status], [InstallLocation], [TenantId], [DueDate], [CustomerId], [Class], [IsStandard], [IsWeigthSet], [IsForAccreditedCal], [CalibrationDate], [EquipmentTemplateId], [WorOrderDetailID], [WorkOrderID], [IndicatorPieceOfEquipmentID], [UnitOfMeasureID], [EquipmentTypeID], [AccuracyPercentage], [DecimalNumber], [Resolution], [ToleranceTypeID], [IsToleranceImport], [IsDelete], [ClassHB44], [IsTestPointImport], [OfflineID], [Notes], [CustomerToolId]) VALUES (N'REM1-002-355', N'2695', 880, 0, 1, N'Doctor Office', 1, CAST(N'2021-10-11T15:42:36.3900000' AS DateTime2), 5, N'III', 0, 0, 0, CAST(N'2021-10-11T15:42:36.3900000' AS DateTime2), 44, NULL, NULL, NULL, 3, NULL, 0.1, 1, 0.1, 3, 1, 0, 3, 1, NULL, NULL, N'')
GO
INSERT [dbo].[PieceOfEquipment] ([PieceOfEquipmentID], [SerialNumber], [Capacity], [AddressId], [Status], [InstallLocation], [TenantId], [DueDate], [CustomerId], [Class], [IsStandard], [IsWeigthSet], [IsForAccreditedCal], [CalibrationDate], [EquipmentTemplateId], [WorOrderDetailID], [WorkOrderID], [IndicatorPieceOfEquipmentID], [UnitOfMeasureID], [EquipmentTypeID], [AccuracyPercentage], [DecimalNumber], [Resolution], [ToleranceTypeID], [IsToleranceImport], [IsDelete], [ClassHB44], [IsTestPointImport], [OfflineID], [Notes], [CustomerToolId]) VALUES (N'REM1-002-355_Indicator', N'2695', 0, 0, 0, N'Doctor Office', 1, CAST(N'2021-10-11T15:42:32.2440000' AS DateTime2), 5, NULL, 0, 0, 0, CAST(N'2021-10-11T15:42:32.2440000' AS DateTime2), 25, NULL, NULL, NULL, 3, NULL, 0.1, 0, 0, 0, 0, 0, 0, 0, NULL, NULL, N'')
GO
INSERT [dbo].[PieceOfEquipment] ([PieceOfEquipmentID], [SerialNumber], [Capacity], [AddressId], [Status], [InstallLocation], [TenantId], [DueDate], [CustomerId], [Class], [IsStandard], [IsWeigthSet], [IsForAccreditedCal], [CalibrationDate], [EquipmentTemplateId], [WorOrderDetailID], [WorkOrderID], [IndicatorPieceOfEquipmentID], [UnitOfMeasureID], [EquipmentTypeID], [AccuracyPercentage], [DecimalNumber], [Resolution], [ToleranceTypeID], [IsToleranceImport], [IsDelete], [ClassHB44], [IsTestPointImport], [OfflineID], [Notes], [CustomerToolId]) VALUES (N'REM1-003-356', N'E23113-0383', 1000, 0, 1, N'Living Room', 1, CAST(N'2021-10-11T15:42:36.3900000' AS DateTime2), 5, N'III', 0, 0, 0, CAST(N'2021-10-11T15:42:36.3900000' AS DateTime2), 30, NULL, NULL, NULL, 3, NULL, 0.1, 1, 0.2, 3, 1, 0, 3, 1, NULL, NULL, N'')
GO
INSERT [dbo].[PieceOfEquipment] ([PieceOfEquipmentID], [SerialNumber], [Capacity], [AddressId], [Status], [InstallLocation], [TenantId], [DueDate], [CustomerId], [Class], [IsStandard], [IsWeigthSet], [IsForAccreditedCal], [CalibrationDate], [EquipmentTemplateId], [WorOrderDetailID], [WorkOrderID], [IndicatorPieceOfEquipmentID], [UnitOfMeasureID], [EquipmentTypeID], [AccuracyPercentage], [DecimalNumber], [Resolution], [ToleranceTypeID], [IsToleranceImport], [IsDelete], [ClassHB44], [IsTestPointImport], [OfflineID], [Notes], [CustomerToolId]) VALUES (N'REM1-003-356_Indicator', N'E00521-0073', 0, 0, 0, N'Living Room', 1, CAST(N'2021-10-11T15:42:32.2440000' AS DateTime2), 5, NULL, 0, 0, 0, CAST(N'2021-10-11T15:42:32.2440000' AS DateTime2), 5, NULL, NULL, NULL, 3, NULL, 0.1, 0, 0, 0, 0, 0, 0, 0, NULL, NULL, N'')
GO
INSERT [dbo].[PieceOfEquipment] ([PieceOfEquipmentID], [SerialNumber], [Capacity], [AddressId], [Status], [InstallLocation], [TenantId], [DueDate], [CustomerId], [Class], [IsStandard], [IsWeigthSet], [IsForAccreditedCal], [CalibrationDate], [EquipmentTemplateId], [WorOrderDetailID], [WorkOrderID], [IndicatorPieceOfEquipmentID], [UnitOfMeasureID], [EquipmentTypeID], [AccuracyPercentage], [DecimalNumber], [Resolution], [ToleranceTypeID], [IsToleranceImport], [IsDelete], [ClassHB44], [IsTestPointImport], [OfflineID], [Notes], [CustomerToolId]) VALUES (N'REM1-004-357', N'E34107-0019', 800, 0, 1, N'Porch Room', 1, CAST(N'2021-10-11T15:42:36.3900000' AS DateTime2), 5, N'III', 0, 0, 0, CAST(N'2021-10-11T15:42:36.3900000' AS DateTime2), 30, NULL, NULL, NULL, 3, NULL, 0.1, 1, 0.2, 3, 1, 0, 3, 1, NULL, NULL, N'')
GO
INSERT [dbo].[PieceOfEquipment] ([PieceOfEquipmentID], [SerialNumber], [Capacity], [AddressId], [Status], [InstallLocation], [TenantId], [DueDate], [CustomerId], [Class], [IsStandard], [IsWeigthSet], [IsForAccreditedCal], [CalibrationDate], [EquipmentTemplateId], [WorOrderDetailID], [WorkOrderID], [IndicatorPieceOfEquipmentID], [UnitOfMeasureID], [EquipmentTypeID], [AccuracyPercentage], [DecimalNumber], [Resolution], [ToleranceTypeID], [IsToleranceImport], [IsDelete], [ClassHB44], [IsTestPointImport], [OfflineID], [Notes], [CustomerToolId]) VALUES (N'REM1-004-357_Indicator', N'E31107-0218', 0, 0, 0, N'Porch Room', 1, CAST(N'2021-10-11T15:42:32.2440000' AS DateTime2), 5, NULL, 0, 0, 0, CAST(N'2021-10-11T15:42:32.2440000' AS DateTime2), 3, NULL, NULL, NULL, 3, NULL, 0.1, 0, 0, 0, 0, 0, 0, 0, NULL, NULL, N'')
GO
INSERT [dbo].[PieceOfEquipment] ([PieceOfEquipmentID], [SerialNumber], [Capacity], [AddressId], [Status], [InstallLocation], [TenantId], [DueDate], [CustomerId], [Class], [IsStandard], [IsWeigthSet], [IsForAccreditedCal], [CalibrationDate], [EquipmentTemplateId], [WorOrderDetailID], [WorkOrderID], [IndicatorPieceOfEquipmentID], [UnitOfMeasureID], [EquipmentTypeID], [AccuracyPercentage], [DecimalNumber], [Resolution], [ToleranceTypeID], [IsToleranceImport], [IsDelete], [ClassHB44], [IsTestPointImport], [OfflineID], [Notes], [CustomerToolId]) VALUES (N'REM1-005-358', N'E24812-0262', 800, 0, 1, N'Gym Room', 1, CAST(N'2021-10-11T15:42:36.3900000' AS DateTime2), 5, N'III', 0, 0, 0, CAST(N'2021-10-11T15:42:36.3900000' AS DateTime2), 30, NULL, NULL, NULL, 3, NULL, 0.1, 1, 0.2, 3, 1, 0, 3, 1, NULL, NULL, N'')
GO
INSERT [dbo].[PieceOfEquipment] ([PieceOfEquipmentID], [SerialNumber], [Capacity], [AddressId], [Status], [InstallLocation], [TenantId], [DueDate], [CustomerId], [Class], [IsStandard], [IsWeigthSet], [IsForAccreditedCal], [CalibrationDate], [EquipmentTemplateId], [WorOrderDetailID], [WorkOrderID], [IndicatorPieceOfEquipmentID], [UnitOfMeasureID], [EquipmentTypeID], [AccuracyPercentage], [DecimalNumber], [Resolution], [ToleranceTypeID], [IsToleranceImport], [IsDelete], [ClassHB44], [IsTestPointImport], [OfflineID], [Notes], [CustomerToolId]) VALUES (N'REM1-005-358_Indicator', N'E27518-0199', 0, 0, 0, N'Gym Room', 1, CAST(N'2021-10-11T15:42:32.2440000' AS DateTime2), 5, NULL, 0, 0, 0, CAST(N'2021-10-11T15:42:32.2440000' AS DateTime2), 4, NULL, NULL, NULL, 3, NULL, 0.1, 0, 0, 0, 0, 0, 0, 0, NULL, NULL, N'')
GO
INSERT [dbo].[PieceOfEquipment] ([PieceOfEquipmentID], [SerialNumber], [Capacity], [AddressId], [Status], [InstallLocation], [TenantId], [DueDate], [CustomerId], [Class], [IsStandard], [IsWeigthSet], [IsForAccreditedCal], [CalibrationDate], [EquipmentTemplateId], [WorOrderDetailID], [WorkOrderID], [IndicatorPieceOfEquipmentID], [UnitOfMeasureID], [EquipmentTypeID], [AccuracyPercentage], [DecimalNumber], [Resolution], [ToleranceTypeID], [IsToleranceImport], [IsDelete], [ClassHB44], [IsTestPointImport], [OfflineID], [Notes], [CustomerToolId]) VALUES (N'REM1-006-359', N'E34107-0008', 800, 0, 1, N'Behind Kitchen', 1, CAST(N'2021-10-11T15:42:36.3900000' AS DateTime2), 5, N'III', 0, 0, 0, CAST(N'2021-10-11T15:42:36.3900000' AS DateTime2), 30, NULL, NULL, NULL, 3, NULL, 0.1, 1, 0.2, 3, 1, 0, 3, 1, NULL, NULL, N'')
GO
INSERT [dbo].[PieceOfEquipment] ([PieceOfEquipmentID], [SerialNumber], [Capacity], [AddressId], [Status], [InstallLocation], [TenantId], [DueDate], [CustomerId], [Class], [IsStandard], [IsWeigthSet], [IsForAccreditedCal], [CalibrationDate], [EquipmentTemplateId], [WorOrderDetailID], [WorkOrderID], [IndicatorPieceOfEquipmentID], [UnitOfMeasureID], [EquipmentTypeID], [AccuracyPercentage], [DecimalNumber], [Resolution], [ToleranceTypeID], [IsToleranceImport], [IsDelete], [ClassHB44], [IsTestPointImport], [OfflineID], [Notes], [CustomerToolId]) VALUES (N'REM1-006-359_Indicator', N'E31707-0249', 0, 0, 0, N'Behind Kitchen', 1, CAST(N'2021-10-11T15:42:32.2440000' AS DateTime2), 5, NULL, 0, 0, 0, CAST(N'2021-10-11T15:42:32.2440000' AS DateTime2), 3, NULL, NULL, NULL, 3, NULL, 0.1, 0, 0, 0, 0, 0, 0, 0, NULL, NULL, N'')
GO
INSERT [dbo].[PieceOfEquipment] ([PieceOfEquipmentID], [SerialNumber], [Capacity], [AddressId], [Status], [InstallLocation], [TenantId], [DueDate], [CustomerId], [Class], [IsStandard], [IsWeigthSet], [IsForAccreditedCal], [CalibrationDate], [EquipmentTemplateId], [WorOrderDetailID], [WorkOrderID], [IndicatorPieceOfEquipmentID], [UnitOfMeasureID], [EquipmentTypeID], [AccuracyPercentage], [DecimalNumber], [Resolution], [ToleranceTypeID], [IsToleranceImport], [IsDelete], [ClassHB44], [IsTestPointImport], [OfflineID], [Notes], [CustomerToolId]) VALUES (N'REM1-007-360', N'3565', 880, 0, 1, N'Living Room', 1, CAST(N'2021-10-11T15:42:36.3900000' AS DateTime2), 5, N'III', 0, 0, 0, CAST(N'2021-10-11T15:42:36.3900000' AS DateTime2), 44, NULL, NULL, NULL, 3, NULL, 0.1, 1, 0.1, 3, 1, 0, 3, 1, NULL, NULL, N'')
GO
INSERT [dbo].[PieceOfEquipment] ([PieceOfEquipmentID], [SerialNumber], [Capacity], [AddressId], [Status], [InstallLocation], [TenantId], [DueDate], [CustomerId], [Class], [IsStandard], [IsWeigthSet], [IsForAccreditedCal], [CalibrationDate], [EquipmentTemplateId], [WorOrderDetailID], [WorkOrderID], [IndicatorPieceOfEquipmentID], [UnitOfMeasureID], [EquipmentTypeID], [AccuracyPercentage], [DecimalNumber], [Resolution], [ToleranceTypeID], [IsToleranceImport], [IsDelete], [ClassHB44], [IsTestPointImport], [OfflineID], [Notes], [CustomerToolId]) VALUES (N'REM1-007-360_Indicator', N'3565', 0, 0, 0, N'Living Room', 1, CAST(N'2021-10-11T15:42:32.2440000' AS DateTime2), 5, NULL, 0, 0, 0, CAST(N'2021-10-11T15:42:32.2440000' AS DateTime2), 25, NULL, NULL, NULL, 3, NULL, 0.1, 0, 0, 0, 0, 0, 0, 0, NULL, NULL, N'')
GO
INSERT [dbo].[PieceOfEquipment] ([PieceOfEquipmentID], [SerialNumber], [Capacity], [AddressId], [Status], [InstallLocation], [TenantId], [DueDate], [CustomerId], [Class], [IsStandard], [IsWeigthSet], [IsForAccreditedCal], [CalibrationDate], [EquipmentTemplateId], [WorOrderDetailID], [WorkOrderID], [IndicatorPieceOfEquipmentID], [UnitOfMeasureID], [EquipmentTypeID], [AccuracyPercentage], [DecimalNumber], [Resolution], [ToleranceTypeID], [IsToleranceImport], [IsDelete], [ClassHB44], [IsTestPointImport], [OfflineID], [Notes], [CustomerToolId]) VALUES (N'REM1-011-361', N'E31814-0072', 1000, 0, 1, N'Living Room', 1, CAST(N'2021-10-11T15:42:36.3900000' AS DateTime2), 5, N'III', 0, 0, 0, CAST(N'2021-10-11T15:42:36.3900000' AS DateTime2), 30, NULL, NULL, NULL, 3, NULL, 0.1, 1, 0.2, 3, 1, 0, 3, 1, NULL, NULL, N'')
GO
INSERT [dbo].[PieceOfEquipment] ([PieceOfEquipmentID], [SerialNumber], [Capacity], [AddressId], [Status], [InstallLocation], [TenantId], [DueDate], [CustomerId], [Class], [IsStandard], [IsWeigthSet], [IsForAccreditedCal], [CalibrationDate], [EquipmentTemplateId], [WorOrderDetailID], [WorkOrderID], [IndicatorPieceOfEquipmentID], [UnitOfMeasureID], [EquipmentTypeID], [AccuracyPercentage], [DecimalNumber], [Resolution], [ToleranceTypeID], [IsToleranceImport], [IsDelete], [ClassHB44], [IsTestPointImport], [OfflineID], [Notes], [CustomerToolId]) VALUES (N'REM1-011-361_Indicator', N'E31714-0072', 0, 0, 0, N'Living Room', 1, CAST(N'2021-10-11T15:42:32.2440000' AS DateTime2), 5, NULL, 0, 0, 0, CAST(N'2021-10-11T15:42:32.2440000' AS DateTime2), 4, NULL, NULL, NULL, 3, NULL, 0.1, 0, 0, 0, 0, 0, 0, 0, NULL, NULL, N'')
GO
INSERT [dbo].[PieceOfEquipment] ([PieceOfEquipmentID], [SerialNumber], [Capacity], [AddressId], [Status], [InstallLocation], [TenantId], [DueDate], [CustomerId], [Class], [IsStandard], [IsWeigthSet], [IsForAccreditedCal], [CalibrationDate], [EquipmentTemplateId], [WorOrderDetailID], [WorkOrderID], [IndicatorPieceOfEquipmentID], [UnitOfMeasureID], [EquipmentTypeID], [AccuracyPercentage], [DecimalNumber], [Resolution], [ToleranceTypeID], [IsToleranceImport], [IsDelete], [ClassHB44], [IsTestPointImport], [OfflineID], [Notes], [CustomerToolId]) VALUES (N'REM1-013-3576', N'', 1000, 0, 1, N'Kitchen', 1, CAST(N'2021-10-11T15:42:36.3900000' AS DateTime2), 5, N'III', 0, 0, 0, CAST(N'2021-10-11T15:42:36.3900000' AS DateTime2), 30, NULL, NULL, NULL, 3, NULL, 0.1, 1, 0.2, 3, 1, 0, 3, 1, NULL, NULL, N'')
GO
INSERT [dbo].[PieceOfEquipment] ([PieceOfEquipmentID], [SerialNumber], [Capacity], [AddressId], [Status], [InstallLocation], [TenantId], [DueDate], [CustomerId], [Class], [IsStandard], [IsWeigthSet], [IsForAccreditedCal], [CalibrationDate], [EquipmentTemplateId], [WorOrderDetailID], [WorkOrderID], [IndicatorPieceOfEquipmentID], [UnitOfMeasureID], [EquipmentTypeID], [AccuracyPercentage], [DecimalNumber], [Resolution], [ToleranceTypeID], [IsToleranceImport], [IsDelete], [ClassHB44], [IsTestPointImport], [OfflineID], [Notes], [CustomerToolId]) VALUES (N'REM1-013-3576_Indicator', N'E07818-0125', 0, 0, 0, N'Kitchen', 1, CAST(N'2021-10-11T15:42:32.2440000' AS DateTime2), 5, NULL, 0, 0, 0, CAST(N'2021-10-11T15:42:32.2440000' AS DateTime2), 4, NULL, NULL, NULL, 3, NULL, 0.1, 0, 0, 0, 0, 0, 0, 0, NULL, NULL, N'')
GO
SET IDENTITY_INSERT [dbo].[CustomerAggregates] ON 
GO
INSERT [dbo].[CustomerAggregates] ([AggregateID], [Name], [Description], [CustomerID]) VALUES (1, N'Always Bagels, Inc. ', N'19', 1)
GO
INSERT [dbo].[CustomerAggregates] ([AggregateID], [Name], [Description], [CustomerID]) VALUES (2, N'Bimbo Bakeries USA ', N'27', 2)
GO
INSERT [dbo].[CustomerAggregates] ([AggregateID], [Name], [Description], [CustomerID]) VALUES (3, N'New Enterprise Stone & Lime Hinkletown Quarry', N'2161', 3)
GO
INSERT [dbo].[CustomerAggregates] ([AggregateID], [Name], [Description], [CustomerID]) VALUES (4, N'Organic Unlimited ', N'2140', 4)
GO
INSERT [dbo].[CustomerAggregates] ([AggregateID], [Name], [Description], [CustomerID]) VALUES (5, N'ReMed Recovery Care Center, LLC', N'58', 5)
GO
SET IDENTITY_INSERT [dbo].[CustomerAggregates] OFF
GO
SET IDENTITY_INSERT [dbo].[Address] ON 
GO
INSERT [dbo].[Address] ([AddressId], [StreetAddress1], [StreetAddress2], [StreetAddress3], [CityID], [City], [StateID], [State], [ZipCode], [CountryID], [Country], [Description], [AggregateID], [IsDefault], [IsEnable], [Name], [County], [CustomerAggregateAggregateID], [IsDelete]) VALUES (1, N'390 Quarry Road', NULL, NULL, N'New Holland', NULL, N'PA', NULL, N'17557', N'USA', NULL, N'Weaverland Quarry', 3, 0, 1, NULL, N'Lancaster', 3, 0)
GO
INSERT [dbo].[Address] ([AddressId], [StreetAddress1], [StreetAddress2], [StreetAddress3], [CityID], [City], [StateID], [State], [ZipCode], [CountryID], [Country], [Description], [AggregateID], [IsDefault], [IsEnable], [Name], [County], [CustomerAggregateAggregateID], [IsDelete]) VALUES (2, N'5 Campbell Lane', NULL, NULL, N'Phoenixville', NULL, N'PA', NULL, N'19460                                                                                                                                                                                                                                                          ', N'USA', NULL, NULL, 5, 0, 1, NULL, N'Chester', 5, 0)
GO
INSERT [dbo].[Address] ([AddressId], [StreetAddress1], [StreetAddress2], [StreetAddress3], [CityID], [City], [StateID], [State], [ZipCode], [CountryID], [Country], [Description], [AggregateID], [IsDefault], [IsEnable], [Name], [County], [CustomerAggregateAggregateID], [IsDelete]) VALUES (3, N'84 Devon Rd', NULL, NULL, N'Paoli', NULL, N'PA', NULL, N'19301                                                                                                                                                                                                                                                          ', N'USA', NULL, NULL, 5, 0, 1, NULL, N'Chester', 5, 0)
GO
INSERT [dbo].[Address] ([AddressId], [StreetAddress1], [StreetAddress2], [StreetAddress3], [CityID], [City], [StateID], [State], [ZipCode], [CountryID], [Country], [Description], [AggregateID], [IsDefault], [IsEnable], [Name], [County], [CustomerAggregateAggregateID], [IsDelete]) VALUES (4, N'323 Paoli Pike', NULL, NULL, N'Malvern', NULL, N'PA', NULL, N'19355                                                                                                                                                                                                                                                          ', N'USA', NULL, NULL, 5, 0, 1, NULL, N'Chester', 5, 0)
GO
INSERT [dbo].[Address] ([AddressId], [StreetAddress1], [StreetAddress2], [StreetAddress3], [CityID], [City], [StateID], [State], [ZipCode], [CountryID], [Country], [Description], [AggregateID], [IsDefault], [IsEnable], [Name], [County], [CustomerAggregateAggregateID], [IsDelete]) VALUES (5, N'2 Harvey Lane', NULL, NULL, N'Malvern', NULL, N'PA', NULL, N'19355                                                                                                                                                                                                                                                          ', N'USA', NULL, NULL, 5, 0, 1, NULL, N'Chester', 5, 0)
GO
INSERT [dbo].[Address] ([AddressId], [StreetAddress1], [StreetAddress2], [StreetAddress3], [CityID], [City], [StateID], [State], [ZipCode], [CountryID], [Country], [Description], [AggregateID], [IsDefault], [IsEnable], [Name], [County], [CustomerAggregateAggregateID], [IsDelete]) VALUES (6, N'1152 N New St', NULL, NULL, N'West Chester', NULL, N'PA', NULL, N'19380                                                                                                                                                                                                                                                          ', N'USA', NULL, NULL, 5, 0, 1, NULL, N'Chester', 5, 0)
GO
INSERT [dbo].[Address] ([AddressId], [StreetAddress1], [StreetAddress2], [StreetAddress3], [CityID], [City], [StateID], [State], [ZipCode], [CountryID], [Country], [Description], [AggregateID], [IsDefault], [IsEnable], [Name], [County], [CustomerAggregateAggregateID], [IsDelete]) VALUES (7, N'934 N Chester Rd', NULL, NULL, N'West Chester', NULL, N'PA', NULL, N'19380                                                                                                                                                                                                                                                          ', N'USA', NULL, NULL, 5, 0, 1, NULL, N'Chester', 5, 0)
GO
INSERT [dbo].[Address] ([AddressId], [StreetAddress1], [StreetAddress2], [StreetAddress3], [CityID], [City], [StateID], [State], [ZipCode], [CountryID], [Country], [Description], [AggregateID], [IsDefault], [IsEnable], [Name], [County], [CustomerAggregateAggregateID], [IsDelete]) VALUES (8, N'390 Quarry Road', NULL, NULL, N'New Holland', NULL, N'PA', NULL, N'17557', N'USA', NULL, N'Weaverland Quarry', 3, 0, 1, NULL, N'Lancaster', 3, 0)
GO
INSERT [dbo].[Address] ([AddressId], [StreetAddress1], [StreetAddress2], [StreetAddress3], [CityID], [City], [StateID], [State], [ZipCode], [CountryID], [Country], [Description], [AggregateID], [IsDefault], [IsEnable], [Name], [County], [CustomerAggregateAggregateID], [IsDelete]) VALUES (9, N'5 Campbell Lane', NULL, NULL, N'Phoenixville', NULL, N'PA', NULL, N'19460                                                                                                                                                                                                                                                          ', N'USA', NULL, NULL, 5, 0, 1, NULL, N'Chester', 5, 0)
GO
INSERT [dbo].[Address] ([AddressId], [StreetAddress1], [StreetAddress2], [StreetAddress3], [CityID], [City], [StateID], [State], [ZipCode], [CountryID], [Country], [Description], [AggregateID], [IsDefault], [IsEnable], [Name], [County], [CustomerAggregateAggregateID], [IsDelete]) VALUES (10, N'84 Devon Rd', NULL, NULL, N'Paoli', NULL, N'PA', NULL, N'19301                                                                                                                                                                                                                                                          ', N'USA', NULL, NULL, 5, 0, 1, NULL, N'Chester', 5, 0)
GO
INSERT [dbo].[Address] ([AddressId], [StreetAddress1], [StreetAddress2], [StreetAddress3], [CityID], [City], [StateID], [State], [ZipCode], [CountryID], [Country], [Description], [AggregateID], [IsDefault], [IsEnable], [Name], [County], [CustomerAggregateAggregateID], [IsDelete]) VALUES (11, N'323 Paoli Pike', NULL, NULL, N'Malvern', NULL, N'PA', NULL, N'19355                                                                                                                                                                                                                                                          ', N'USA', NULL, NULL, 5, 0, 1, NULL, N'Chester', 5, 0)
GO
INSERT [dbo].[Address] ([AddressId], [StreetAddress1], [StreetAddress2], [StreetAddress3], [CityID], [City], [StateID], [State], [ZipCode], [CountryID], [Country], [Description], [AggregateID], [IsDefault], [IsEnable], [Name], [County], [CustomerAggregateAggregateID], [IsDelete]) VALUES (12, N'2 Harvey Lane', NULL, NULL, N'Malvern', NULL, N'PA', NULL, N'19355                                                                                                                                                                                                                                                          ', N'USA', NULL, NULL, 5, 0, 1, NULL, N'Chester', 5, 0)
GO
INSERT [dbo].[Address] ([AddressId], [StreetAddress1], [StreetAddress2], [StreetAddress3], [CityID], [City], [StateID], [State], [ZipCode], [CountryID], [Country], [Description], [AggregateID], [IsDefault], [IsEnable], [Name], [County], [CustomerAggregateAggregateID], [IsDelete]) VALUES (13, N'1152 N New St', NULL, NULL, N'West Chester', NULL, N'PA', NULL, N'19380                                                                                                                                                                                                                                                          ', N'USA', NULL, NULL, 5, 0, 1, NULL, N'Chester', 5, 0)
GO
INSERT [dbo].[Address] ([AddressId], [StreetAddress1], [StreetAddress2], [StreetAddress3], [CityID], [City], [StateID], [State], [ZipCode], [CountryID], [Country], [Description], [AggregateID], [IsDefault], [IsEnable], [Name], [County], [CustomerAggregateAggregateID], [IsDelete]) VALUES (14, N'934 N Chester Rd', NULL, NULL, N'West Chester', NULL, N'PA', NULL, N'19380                                                                                                                                                                                                                                                          ', N'USA', NULL, NULL, 5, 0, 1, NULL, N'Chester', 5, 0)
GO
SET IDENTITY_INSERT [dbo].[Address] OFF
GO
SET IDENTITY_INSERT [dbo].[TestPointGroup] ON 
GO
INSERT [dbo].[TestPointGroup] ([TestPoitGroupID], [OutUnitOfMeasurementID], [TypeID], [Name], [UnitOfMeasurementOutUnitOfMeasureID], [Description], [EquipmentTemplateID], [WorkOrderDetailID], [PieceOfEquipmentID]) VALUES (1, 3, N'Linearity', N'Linearity', 3, NULL, 29, NULL, NULL)
GO
INSERT [dbo].[TestPointGroup] ([TestPoitGroupID], [OutUnitOfMeasurementID], [TypeID], [Name], [UnitOfMeasurementOutUnitOfMeasureID], [Description], [EquipmentTemplateID], [WorkOrderDetailID], [PieceOfEquipmentID]) VALUES (2, 3, N'Linearity', N'Linearity', 3, NULL, 30, NULL, NULL)
GO
INSERT [dbo].[TestPointGroup] ([TestPoitGroupID], [OutUnitOfMeasurementID], [TypeID], [Name], [UnitOfMeasurementOutUnitOfMeasureID], [Description], [EquipmentTemplateID], [WorkOrderDetailID], [PieceOfEquipmentID]) VALUES (3, 3, N'Linearity', N'Linearity', 3, NULL, 31, NULL, NULL)
GO
INSERT [dbo].[TestPointGroup] ([TestPoitGroupID], [OutUnitOfMeasurementID], [TypeID], [Name], [UnitOfMeasurementOutUnitOfMeasureID], [Description], [EquipmentTemplateID], [WorkOrderDetailID], [PieceOfEquipmentID]) VALUES (4, 3, N'Linearity', N'Linearity', 3, NULL, 32, NULL, NULL)
GO
INSERT [dbo].[TestPointGroup] ([TestPoitGroupID], [OutUnitOfMeasurementID], [TypeID], [Name], [UnitOfMeasurementOutUnitOfMeasureID], [Description], [EquipmentTemplateID], [WorkOrderDetailID], [PieceOfEquipmentID]) VALUES (5, 3, N'Linearity', N'Linearity', 3, NULL, 33, NULL, NULL)
GO
INSERT [dbo].[TestPointGroup] ([TestPoitGroupID], [OutUnitOfMeasurementID], [TypeID], [Name], [UnitOfMeasurementOutUnitOfMeasureID], [Description], [EquipmentTemplateID], [WorkOrderDetailID], [PieceOfEquipmentID]) VALUES (6, 6, N'Linearity', N'Linearity', 6, NULL, 34, NULL, NULL)
GO
INSERT [dbo].[TestPointGroup] ([TestPoitGroupID], [OutUnitOfMeasurementID], [TypeID], [Name], [UnitOfMeasurementOutUnitOfMeasureID], [Description], [EquipmentTemplateID], [WorkOrderDetailID], [PieceOfEquipmentID]) VALUES (7, 3, N'Linearity', N'Linearity', 3, NULL, 35, NULL, NULL)
GO
INSERT [dbo].[TestPointGroup] ([TestPoitGroupID], [OutUnitOfMeasurementID], [TypeID], [Name], [UnitOfMeasurementOutUnitOfMeasureID], [Description], [EquipmentTemplateID], [WorkOrderDetailID], [PieceOfEquipmentID]) VALUES (8, 3, N'Linearity', N'Linearity', 3, NULL, 36, NULL, NULL)
GO
INSERT [dbo].[TestPointGroup] ([TestPoitGroupID], [OutUnitOfMeasurementID], [TypeID], [Name], [UnitOfMeasurementOutUnitOfMeasureID], [Description], [EquipmentTemplateID], [WorkOrderDetailID], [PieceOfEquipmentID]) VALUES (9, 3, N'Linearity', N'Linearity', 3, NULL, 37, NULL, NULL)
GO
INSERT [dbo].[TestPointGroup] ([TestPoitGroupID], [OutUnitOfMeasurementID], [TypeID], [Name], [UnitOfMeasurementOutUnitOfMeasureID], [Description], [EquipmentTemplateID], [WorkOrderDetailID], [PieceOfEquipmentID]) VALUES (10, 3, N'Linearity', N'Linearity', 3, NULL, 38, NULL, NULL)
GO
INSERT [dbo].[TestPointGroup] ([TestPoitGroupID], [OutUnitOfMeasurementID], [TypeID], [Name], [UnitOfMeasurementOutUnitOfMeasureID], [Description], [EquipmentTemplateID], [WorkOrderDetailID], [PieceOfEquipmentID]) VALUES (11, 3, N'Linearity', N'Linearity', 3, NULL, 39, NULL, NULL)
GO
INSERT [dbo].[TestPointGroup] ([TestPoitGroupID], [OutUnitOfMeasurementID], [TypeID], [Name], [UnitOfMeasurementOutUnitOfMeasureID], [Description], [EquipmentTemplateID], [WorkOrderDetailID], [PieceOfEquipmentID]) VALUES (12, 3, N'Linearity', N'Linearity', 3, NULL, 40, NULL, NULL)
GO
INSERT [dbo].[TestPointGroup] ([TestPoitGroupID], [OutUnitOfMeasurementID], [TypeID], [Name], [UnitOfMeasurementOutUnitOfMeasureID], [Description], [EquipmentTemplateID], [WorkOrderDetailID], [PieceOfEquipmentID]) VALUES (13, 6, N'Linearity', N'Linearity', 6, NULL, 41, NULL, NULL)
GO
INSERT [dbo].[TestPointGroup] ([TestPoitGroupID], [OutUnitOfMeasurementID], [TypeID], [Name], [UnitOfMeasurementOutUnitOfMeasureID], [Description], [EquipmentTemplateID], [WorkOrderDetailID], [PieceOfEquipmentID]) VALUES (14, 3, N'Linearity', N'Linearity', 3, NULL, 42, NULL, NULL)
GO
INSERT [dbo].[TestPointGroup] ([TestPoitGroupID], [OutUnitOfMeasurementID], [TypeID], [Name], [UnitOfMeasurementOutUnitOfMeasureID], [Description], [EquipmentTemplateID], [WorkOrderDetailID], [PieceOfEquipmentID]) VALUES (15, 3, N'Linearity', N'Linearity', 3, NULL, 43, NULL, NULL)
GO
INSERT [dbo].[TestPointGroup] ([TestPoitGroupID], [OutUnitOfMeasurementID], [TypeID], [Name], [UnitOfMeasurementOutUnitOfMeasureID], [Description], [EquipmentTemplateID], [WorkOrderDetailID], [PieceOfEquipmentID]) VALUES (16, 3, N'Linearity', N'Linearity', 3, NULL, 44, NULL, NULL)
GO
INSERT [dbo].[TestPointGroup] ([TestPoitGroupID], [OutUnitOfMeasurementID], [TypeID], [Name], [UnitOfMeasurementOutUnitOfMeasureID], [Description], [EquipmentTemplateID], [WorkOrderDetailID], [PieceOfEquipmentID]) VALUES (17, 3, N'Linearity', N'Linearity', 3, NULL, 45, NULL, NULL)
GO
INSERT [dbo].[TestPointGroup] ([TestPoitGroupID], [OutUnitOfMeasurementID], [TypeID], [Name], [UnitOfMeasurementOutUnitOfMeasureID], [Description], [EquipmentTemplateID], [WorkOrderDetailID], [PieceOfEquipmentID]) VALUES (18, 6, N'Linearity', N'Linearity', 6, NULL, 46, NULL, NULL)
GO
INSERT [dbo].[TestPointGroup] ([TestPoitGroupID], [OutUnitOfMeasurementID], [TypeID], [Name], [UnitOfMeasurementOutUnitOfMeasureID], [Description], [EquipmentTemplateID], [WorkOrderDetailID], [PieceOfEquipmentID]) VALUES (19, 3, N'Linearity', N'Linearity', 3, NULL, 47, NULL, NULL)
GO
INSERT [dbo].[TestPointGroup] ([TestPoitGroupID], [OutUnitOfMeasurementID], [TypeID], [Name], [UnitOfMeasurementOutUnitOfMeasureID], [Description], [EquipmentTemplateID], [WorkOrderDetailID], [PieceOfEquipmentID]) VALUES (20, 3, N'POE', N'POE', 3, NULL, NULL, NULL, N'ALW2-007-58')
GO
INSERT [dbo].[TestPointGroup] ([TestPoitGroupID], [OutUnitOfMeasurementID], [TypeID], [Name], [UnitOfMeasurementOutUnitOfMeasureID], [Description], [EquipmentTemplateID], [WorkOrderDetailID], [PieceOfEquipmentID]) VALUES (21, 6, N'POE', N'POE', 6, NULL, NULL, NULL, N'ALW2-008-59')
GO
INSERT [dbo].[TestPointGroup] ([TestPoitGroupID], [OutUnitOfMeasurementID], [TypeID], [Name], [UnitOfMeasurementOutUnitOfMeasureID], [Description], [EquipmentTemplateID], [WorkOrderDetailID], [PieceOfEquipmentID]) VALUES (22, 6, N'POE', N'POE', 6, NULL, NULL, NULL, N'ALW2-009-60')
GO
INSERT [dbo].[TestPointGroup] ([TestPoitGroupID], [OutUnitOfMeasurementID], [TypeID], [Name], [UnitOfMeasurementOutUnitOfMeasureID], [Description], [EquipmentTemplateID], [WorkOrderDetailID], [PieceOfEquipmentID]) VALUES (23, 3, N'POE', N'POE', 3, NULL, NULL, NULL, N'ALW2-010-61')
GO
INSERT [dbo].[TestPointGroup] ([TestPoitGroupID], [OutUnitOfMeasurementID], [TypeID], [Name], [UnitOfMeasurementOutUnitOfMeasureID], [Description], [EquipmentTemplateID], [WorkOrderDetailID], [PieceOfEquipmentID]) VALUES (24, 3, N'POE', N'POE', 3, NULL, NULL, NULL, N'ALW2-011-62')
GO
INSERT [dbo].[TestPointGroup] ([TestPoitGroupID], [OutUnitOfMeasurementID], [TypeID], [Name], [UnitOfMeasurementOutUnitOfMeasureID], [Description], [EquipmentTemplateID], [WorkOrderDetailID], [PieceOfEquipmentID]) VALUES (25, 3, N'POE', N'POE', 3, NULL, NULL, NULL, N'ALW2-013-64')
GO
INSERT [dbo].[TestPointGroup] ([TestPoitGroupID], [OutUnitOfMeasurementID], [TypeID], [Name], [UnitOfMeasurementOutUnitOfMeasureID], [Description], [EquipmentTemplateID], [WorkOrderDetailID], [PieceOfEquipmentID]) VALUES (26, 3, N'POE', N'POE', 3, NULL, NULL, NULL, N'ALW2-014-65')
GO
INSERT [dbo].[TestPointGroup] ([TestPoitGroupID], [OutUnitOfMeasurementID], [TypeID], [Name], [UnitOfMeasurementOutUnitOfMeasureID], [Description], [EquipmentTemplateID], [WorkOrderDetailID], [PieceOfEquipmentID]) VALUES (27, 3, N'POE', N'POE', 3, NULL, NULL, NULL, N'ALW2-015-66')
GO
INSERT [dbo].[TestPointGroup] ([TestPoitGroupID], [OutUnitOfMeasurementID], [TypeID], [Name], [UnitOfMeasurementOutUnitOfMeasureID], [Description], [EquipmentTemplateID], [WorkOrderDetailID], [PieceOfEquipmentID]) VALUES (28, 3, N'POE', N'POE', 3, NULL, NULL, NULL, N'ALW2-016-67')
GO
INSERT [dbo].[TestPointGroup] ([TestPoitGroupID], [OutUnitOfMeasurementID], [TypeID], [Name], [UnitOfMeasurementOutUnitOfMeasureID], [Description], [EquipmentTemplateID], [WorkOrderDetailID], [PieceOfEquipmentID]) VALUES (29, 6, N'POE', N'POE', 6, NULL, NULL, NULL, N'ALW2-017-68')
GO
INSERT [dbo].[TestPointGroup] ([TestPoitGroupID], [OutUnitOfMeasurementID], [TypeID], [Name], [UnitOfMeasurementOutUnitOfMeasureID], [Description], [EquipmentTemplateID], [WorkOrderDetailID], [PieceOfEquipmentID]) VALUES (30, 3, N'POE', N'POE', 3, NULL, NULL, NULL, N'ALW2-018-2742')
GO
INSERT [dbo].[TestPointGroup] ([TestPoitGroupID], [OutUnitOfMeasurementID], [TypeID], [Name], [UnitOfMeasurementOutUnitOfMeasureID], [Description], [EquipmentTemplateID], [WorkOrderDetailID], [PieceOfEquipmentID]) VALUES (31, 3, N'POE', N'POE', 3, NULL, NULL, NULL, N'ALW2-019-2743')
GO
INSERT [dbo].[TestPointGroup] ([TestPoitGroupID], [OutUnitOfMeasurementID], [TypeID], [Name], [UnitOfMeasurementOutUnitOfMeasureID], [Description], [EquipmentTemplateID], [WorkOrderDetailID], [PieceOfEquipmentID]) VALUES (32, 6, N'POE', N'POE', 6, NULL, NULL, NULL, N'ALW2-020-2744')
GO
INSERT [dbo].[TestPointGroup] ([TestPoitGroupID], [OutUnitOfMeasurementID], [TypeID], [Name], [UnitOfMeasurementOutUnitOfMeasureID], [Description], [EquipmentTemplateID], [WorkOrderDetailID], [PieceOfEquipmentID]) VALUES (33, 6, N'POE', N'POE', 6, NULL, NULL, NULL, N'ALW2-021-2745')
GO
INSERT [dbo].[TestPointGroup] ([TestPoitGroupID], [OutUnitOfMeasurementID], [TypeID], [Name], [UnitOfMeasurementOutUnitOfMeasureID], [Description], [EquipmentTemplateID], [WorkOrderDetailID], [PieceOfEquipmentID]) VALUES (34, 6, N'POE', N'POE', 6, NULL, NULL, NULL, N'ALW2-022-2746')
GO
INSERT [dbo].[TestPointGroup] ([TestPoitGroupID], [OutUnitOfMeasurementID], [TypeID], [Name], [UnitOfMeasurementOutUnitOfMeasureID], [Description], [EquipmentTemplateID], [WorkOrderDetailID], [PieceOfEquipmentID]) VALUES (35, 6, N'POE', N'POE', 6, NULL, NULL, NULL, N'ALW2-023-2747')
GO
INSERT [dbo].[TestPointGroup] ([TestPoitGroupID], [OutUnitOfMeasurementID], [TypeID], [Name], [UnitOfMeasurementOutUnitOfMeasureID], [Description], [EquipmentTemplateID], [WorkOrderDetailID], [PieceOfEquipmentID]) VALUES (36, 6, N'POE', N'POE', 6, NULL, NULL, NULL, N'BIM1-003-152')
GO
INSERT [dbo].[TestPointGroup] ([TestPoitGroupID], [OutUnitOfMeasurementID], [TypeID], [Name], [UnitOfMeasurementOutUnitOfMeasureID], [Description], [EquipmentTemplateID], [WorkOrderDetailID], [PieceOfEquipmentID]) VALUES (37, 3, N'POE', N'POE', 3, NULL, NULL, NULL, N'BIM1-005-154')
GO
INSERT [dbo].[TestPointGroup] ([TestPoitGroupID], [OutUnitOfMeasurementID], [TypeID], [Name], [UnitOfMeasurementOutUnitOfMeasureID], [Description], [EquipmentTemplateID], [WorkOrderDetailID], [PieceOfEquipmentID]) VALUES (38, 3, N'POE', N'POE', 3, NULL, NULL, NULL, N'BIM1-006-155')
GO
INSERT [dbo].[TestPointGroup] ([TestPoitGroupID], [OutUnitOfMeasurementID], [TypeID], [Name], [UnitOfMeasurementOutUnitOfMeasureID], [Description], [EquipmentTemplateID], [WorkOrderDetailID], [PieceOfEquipmentID]) VALUES (39, 3, N'POE', N'POE', 3, NULL, NULL, NULL, N'BIM1-012-162')
GO
INSERT [dbo].[TestPointGroup] ([TestPoitGroupID], [OutUnitOfMeasurementID], [TypeID], [Name], [UnitOfMeasurementOutUnitOfMeasureID], [Description], [EquipmentTemplateID], [WorkOrderDetailID], [PieceOfEquipmentID]) VALUES (40, 6, N'POE', N'POE', 6, NULL, NULL, NULL, N'BIM1-019-167')
GO
INSERT [dbo].[TestPointGroup] ([TestPoitGroupID], [OutUnitOfMeasurementID], [TypeID], [Name], [UnitOfMeasurementOutUnitOfMeasureID], [Description], [EquipmentTemplateID], [WorkOrderDetailID], [PieceOfEquipmentID]) VALUES (41, 3, N'POE', N'POE', 3, NULL, NULL, NULL, N'BIM1-020-168')
GO
INSERT [dbo].[TestPointGroup] ([TestPoitGroupID], [OutUnitOfMeasurementID], [TypeID], [Name], [UnitOfMeasurementOutUnitOfMeasureID], [Description], [EquipmentTemplateID], [WorkOrderDetailID], [PieceOfEquipmentID]) VALUES (42, 3, N'POE', N'POE', 3, NULL, NULL, NULL, N'BIM1-021-169')
GO
INSERT [dbo].[TestPointGroup] ([TestPoitGroupID], [OutUnitOfMeasurementID], [TypeID], [Name], [UnitOfMeasurementOutUnitOfMeasureID], [Description], [EquipmentTemplateID], [WorkOrderDetailID], [PieceOfEquipmentID]) VALUES (43, 3, N'POE', N'POE', 3, NULL, NULL, NULL, N'BIM1-022-170')
GO
INSERT [dbo].[TestPointGroup] ([TestPoitGroupID], [OutUnitOfMeasurementID], [TypeID], [Name], [UnitOfMeasurementOutUnitOfMeasureID], [Description], [EquipmentTemplateID], [WorkOrderDetailID], [PieceOfEquipmentID]) VALUES (44, 3, N'POE', N'POE', 3, NULL, NULL, NULL, N'BIM1-024-171')
GO
INSERT [dbo].[TestPointGroup] ([TestPoitGroupID], [OutUnitOfMeasurementID], [TypeID], [Name], [UnitOfMeasurementOutUnitOfMeasureID], [Description], [EquipmentTemplateID], [WorkOrderDetailID], [PieceOfEquipmentID]) VALUES (45, 6, N'POE', N'POE', 6, NULL, NULL, NULL, N'BIM1-025-172')
GO
INSERT [dbo].[TestPointGroup] ([TestPoitGroupID], [OutUnitOfMeasurementID], [TypeID], [Name], [UnitOfMeasurementOutUnitOfMeasureID], [Description], [EquipmentTemplateID], [WorkOrderDetailID], [PieceOfEquipmentID]) VALUES (46, 3, N'POE', N'POE', 3, NULL, NULL, NULL, N'ORG1-004-2721')
GO
INSERT [dbo].[TestPointGroup] ([TestPoitGroupID], [OutUnitOfMeasurementID], [TypeID], [Name], [UnitOfMeasurementOutUnitOfMeasureID], [Description], [EquipmentTemplateID], [WorkOrderDetailID], [PieceOfEquipmentID]) VALUES (47, 3, N'POE', N'POE', 3, NULL, NULL, NULL, N'ORG1-005-2722')
GO
INSERT [dbo].[TestPointGroup] ([TestPoitGroupID], [OutUnitOfMeasurementID], [TypeID], [Name], [UnitOfMeasurementOutUnitOfMeasureID], [Description], [EquipmentTemplateID], [WorkOrderDetailID], [PieceOfEquipmentID]) VALUES (48, 3, N'POE', N'POE', 3, NULL, NULL, NULL, N'ORG1-014-2738')
GO
INSERT [dbo].[TestPointGroup] ([TestPoitGroupID], [OutUnitOfMeasurementID], [TypeID], [Name], [UnitOfMeasurementOutUnitOfMeasureID], [Description], [EquipmentTemplateID], [WorkOrderDetailID], [PieceOfEquipmentID]) VALUES (49, 3, N'POE', N'POE', 3, NULL, NULL, NULL, N'REM1-001-362')
GO
INSERT [dbo].[TestPointGroup] ([TestPoitGroupID], [OutUnitOfMeasurementID], [TypeID], [Name], [UnitOfMeasurementOutUnitOfMeasureID], [Description], [EquipmentTemplateID], [WorkOrderDetailID], [PieceOfEquipmentID]) VALUES (50, 3, N'POE', N'POE', 3, NULL, NULL, NULL, N'REM1-002-355')
GO
INSERT [dbo].[TestPointGroup] ([TestPoitGroupID], [OutUnitOfMeasurementID], [TypeID], [Name], [UnitOfMeasurementOutUnitOfMeasureID], [Description], [EquipmentTemplateID], [WorkOrderDetailID], [PieceOfEquipmentID]) VALUES (51, 3, N'POE', N'POE', 3, NULL, NULL, NULL, N'REM1-003-356')
GO
INSERT [dbo].[TestPointGroup] ([TestPoitGroupID], [OutUnitOfMeasurementID], [TypeID], [Name], [UnitOfMeasurementOutUnitOfMeasureID], [Description], [EquipmentTemplateID], [WorkOrderDetailID], [PieceOfEquipmentID]) VALUES (52, 3, N'POE', N'POE', 3, NULL, NULL, NULL, N'REM1-004-357')
GO
INSERT [dbo].[TestPointGroup] ([TestPoitGroupID], [OutUnitOfMeasurementID], [TypeID], [Name], [UnitOfMeasurementOutUnitOfMeasureID], [Description], [EquipmentTemplateID], [WorkOrderDetailID], [PieceOfEquipmentID]) VALUES (53, 3, N'POE', N'POE', 3, NULL, NULL, NULL, N'REM1-005-358')
GO
INSERT [dbo].[TestPointGroup] ([TestPoitGroupID], [OutUnitOfMeasurementID], [TypeID], [Name], [UnitOfMeasurementOutUnitOfMeasureID], [Description], [EquipmentTemplateID], [WorkOrderDetailID], [PieceOfEquipmentID]) VALUES (54, 3, N'POE', N'POE', 3, NULL, NULL, NULL, N'REM1-006-359')
GO
INSERT [dbo].[TestPointGroup] ([TestPoitGroupID], [OutUnitOfMeasurementID], [TypeID], [Name], [UnitOfMeasurementOutUnitOfMeasureID], [Description], [EquipmentTemplateID], [WorkOrderDetailID], [PieceOfEquipmentID]) VALUES (55, 3, N'POE', N'POE', 3, NULL, NULL, NULL, N'REM1-007-360')
GO
INSERT [dbo].[TestPointGroup] ([TestPoitGroupID], [OutUnitOfMeasurementID], [TypeID], [Name], [UnitOfMeasurementOutUnitOfMeasureID], [Description], [EquipmentTemplateID], [WorkOrderDetailID], [PieceOfEquipmentID]) VALUES (56, 3, N'POE', N'POE', 3, NULL, NULL, NULL, N'REM1-011-361')
GO
INSERT [dbo].[TestPointGroup] ([TestPoitGroupID], [OutUnitOfMeasurementID], [TypeID], [Name], [UnitOfMeasurementOutUnitOfMeasureID], [Description], [EquipmentTemplateID], [WorkOrderDetailID], [PieceOfEquipmentID]) VALUES (57, 3, N'POE', N'POE', 3, NULL, NULL, NULL, N'REM1-013-3576')
GO
SET IDENTITY_INSERT [dbo].[TestPointGroup] OFF
GO
SET IDENTITY_INSERT [dbo].[TestPoint] ON 
GO
INSERT [dbo].[TestPoint] ([TestPointID], [NominalTestPoit], [LowerTolerance], [UpperTolerance], [Resolution], [DecimalNumber], [TestPointGroupTestPoitGroupID], [UnitOfMeasurementID], [UnitOfMeasureOutID], [CalibrationType], [Description], [TestPointTarget], [IsDescendant], [Position]) VALUES (1, 0, 0, 0, 0.05, 2, 9, 3, 3, N'Linearity', N'No Load', 1, 0, 0)
GO
INSERT [dbo].[TestPoint] ([TestPointID], [NominalTestPoit], [LowerTolerance], [UpperTolerance], [Resolution], [DecimalNumber], [TestPointGroupTestPoitGroupID], [UnitOfMeasurementID], [UnitOfMeasureOutID], [CalibrationType], [Description], [TestPointTarget], [IsDescendant], [Position]) VALUES (2, 0, 0, 0, 0.1, 1, 10, 3, 3, N'Linearity', N'No Load', 1, 0, 0)
GO
INSERT [dbo].[TestPoint] ([TestPointID], [NominalTestPoit], [LowerTolerance], [UpperTolerance], [Resolution], [DecimalNumber], [TestPointGroupTestPoitGroupID], [UnitOfMeasurementID], [UnitOfMeasureOutID], [CalibrationType], [Description], [TestPointTarget], [IsDescendant], [Position]) VALUES (3, 0, 0, 0, 0.02, 2, 1, 3, 3, N'Linearity', N'No Load', 1, 0, 0)
GO
INSERT [dbo].[TestPoint] ([TestPointID], [NominalTestPoit], [LowerTolerance], [UpperTolerance], [Resolution], [DecimalNumber], [TestPointGroupTestPoitGroupID], [UnitOfMeasurementID], [UnitOfMeasureOutID], [CalibrationType], [Description], [TestPointTarget], [IsDescendant], [Position]) VALUES (4, 0, 0, 0, 0.01, 2, 12, 3, 3, N'Linearity', N'No Load', 1, 0, 0)
GO
INSERT [dbo].[TestPoint] ([TestPointID], [NominalTestPoit], [LowerTolerance], [UpperTolerance], [Resolution], [DecimalNumber], [TestPointGroupTestPoitGroupID], [UnitOfMeasurementID], [UnitOfMeasureOutID], [CalibrationType], [Description], [TestPointTarget], [IsDescendant], [Position]) VALUES (5, 0, 0, 0, 1, 0, 13, 6, 6, N'Linearity', N'No Load', 1, 0, 0)
GO
INSERT [dbo].[TestPoint] ([TestPointID], [NominalTestPoit], [LowerTolerance], [UpperTolerance], [Resolution], [DecimalNumber], [TestPointGroupTestPoitGroupID], [UnitOfMeasurementID], [UnitOfMeasureOutID], [CalibrationType], [Description], [TestPointTarget], [IsDescendant], [Position]) VALUES (6, 0, 0, 0, 1, 0, 19, 3, 3, N'Linearity', N'No Load', 1, 0, 0)
GO
INSERT [dbo].[TestPoint] ([TestPointID], [NominalTestPoit], [LowerTolerance], [UpperTolerance], [Resolution], [DecimalNumber], [TestPointGroupTestPoitGroupID], [UnitOfMeasurementID], [UnitOfMeasureOutID], [CalibrationType], [Description], [TestPointTarget], [IsDescendant], [Position]) VALUES (7, 0, 0, 0, 0.05, 2, 8, 3, 3, N'Linearity', N'No Load', 1, 0, 0)
GO
INSERT [dbo].[TestPoint] ([TestPointID], [NominalTestPoit], [LowerTolerance], [UpperTolerance], [Resolution], [DecimalNumber], [TestPointGroupTestPoitGroupID], [UnitOfMeasurementID], [UnitOfMeasureOutID], [CalibrationType], [Description], [TestPointTarget], [IsDescendant], [Position]) VALUES (8, 0, 0, 0, 0.02, 2, 5, 3, 3, N'Linearity', N'No Load', 1, 0, 0)
GO
INSERT [dbo].[TestPoint] ([TestPointID], [NominalTestPoit], [LowerTolerance], [UpperTolerance], [Resolution], [DecimalNumber], [TestPointGroupTestPoitGroupID], [UnitOfMeasurementID], [UnitOfMeasureOutID], [CalibrationType], [Description], [TestPointTarget], [IsDescendant], [Position]) VALUES (9, 0, 0, 0, 0.01, 2, 7, 3, 3, N'Linearity', N'No Load', 1, 0, 0)
GO
INSERT [dbo].[TestPoint] ([TestPointID], [NominalTestPoit], [LowerTolerance], [UpperTolerance], [Resolution], [DecimalNumber], [TestPointGroupTestPoitGroupID], [UnitOfMeasurementID], [UnitOfMeasureOutID], [CalibrationType], [Description], [TestPointTarget], [IsDescendant], [Position]) VALUES (10, 25, 24.95, 25.05, 0.05, 2, 8, 3, 3, N'Linearity', N'Build 1', 1, 0, 0)
GO
INSERT [dbo].[TestPoint] ([TestPointID], [NominalTestPoit], [LowerTolerance], [UpperTolerance], [Resolution], [DecimalNumber], [TestPointGroupTestPoitGroupID], [UnitOfMeasurementID], [UnitOfMeasureOutID], [CalibrationType], [Description], [TestPointTarget], [IsDescendant], [Position]) VALUES (11, 150, 149.85, 150.15, 0.05, 2, 9, 3, 3, N'Linearity', N'Build 2', 1, 0, 0)
GO
INSERT [dbo].[TestPoint] ([TestPointID], [NominalTestPoit], [LowerTolerance], [UpperTolerance], [Resolution], [DecimalNumber], [TestPointGroupTestPoitGroupID], [UnitOfMeasurementID], [UnitOfMeasureOutID], [CalibrationType], [Description], [TestPointTarget], [IsDescendant], [Position]) VALUES (12, 75, 74.8, 75.2, 0.1, 1, 10, 3, 3, N'Linearity', N'Build 2', 1, 0, 0)
GO
INSERT [dbo].[TestPoint] ([TestPointID], [NominalTestPoit], [LowerTolerance], [UpperTolerance], [Resolution], [DecimalNumber], [TestPointGroupTestPoitGroupID], [UnitOfMeasurementID], [UnitOfMeasureOutID], [CalibrationType], [Description], [TestPointTarget], [IsDescendant], [Position]) VALUES (13, 30, 29.96, 30.04, 0.02, 2, 1, 3, 3, N'Linearity', N'Build 2', 1, 0, 0)
GO
INSERT [dbo].[TestPoint] ([TestPointID], [NominalTestPoit], [LowerTolerance], [UpperTolerance], [Resolution], [DecimalNumber], [TestPointGroupTestPoitGroupID], [UnitOfMeasurementID], [UnitOfMeasureOutID], [CalibrationType], [Description], [TestPointTarget], [IsDescendant], [Position]) VALUES (14, 25, 24.97, 25.03, 0.01, 2, 12, 3, 3, N'Linearity', N'Build 2', 1, 0, 0)
GO
INSERT [dbo].[TestPoint] ([TestPointID], [NominalTestPoit], [LowerTolerance], [UpperTolerance], [Resolution], [DecimalNumber], [TestPointGroupTestPoitGroupID], [UnitOfMeasurementID], [UnitOfMeasureOutID], [CalibrationType], [Description], [TestPointTarget], [IsDescendant], [Position]) VALUES (15, 1500, 1498, 1502, 1, 0, 13, 6, 6, N'Linearity', N'Build 2', 1, 0, 0)
GO
INSERT [dbo].[TestPoint] ([TestPointID], [NominalTestPoit], [LowerTolerance], [UpperTolerance], [Resolution], [DecimalNumber], [TestPointGroupTestPoitGroupID], [UnitOfMeasurementID], [UnitOfMeasureOutID], [CalibrationType], [Description], [TestPointTarget], [IsDescendant], [Position]) VALUES (16, 2000, 1998, 2002, 1, 0, 19, 3, 3, N'Linearity', N'Build 2', 1, 0, 0)
GO
INSERT [dbo].[TestPoint] ([TestPointID], [NominalTestPoit], [LowerTolerance], [UpperTolerance], [Resolution], [DecimalNumber], [TestPointGroupTestPoitGroupID], [UnitOfMeasurementID], [UnitOfMeasureOutID], [CalibrationType], [Description], [TestPointTarget], [IsDescendant], [Position]) VALUES (17, 100, 99.9, 100.1, 0.05, 2, 8, 3, 3, N'Linearity', N'Build 4', 1, 0, 0)
GO
INSERT [dbo].[TestPoint] ([TestPointID], [NominalTestPoit], [LowerTolerance], [UpperTolerance], [Resolution], [DecimalNumber], [TestPointGroupTestPoitGroupID], [UnitOfMeasurementID], [UnitOfMeasureOutID], [CalibrationType], [Description], [TestPointTarget], [IsDescendant], [Position]) VALUES (18, 50, 49.94, 50.06, 0.02, 2, 5, 3, 3, N'Linearity', N'Build 2', 1, 0, 0)
GO
INSERT [dbo].[TestPoint] ([TestPointID], [NominalTestPoit], [LowerTolerance], [UpperTolerance], [Resolution], [DecimalNumber], [TestPointGroupTestPoitGroupID], [UnitOfMeasurementID], [UnitOfMeasureOutID], [CalibrationType], [Description], [TestPointTarget], [IsDescendant], [Position]) VALUES (19, 50, 49.95, 50.05, 0.01, 2, 7, 3, 3, N'Linearity', N'Build 2', 1, 0, 0)
GO
INSERT [dbo].[TestPoint] ([TestPointID], [NominalTestPoit], [LowerTolerance], [UpperTolerance], [Resolution], [DecimalNumber], [TestPointGroupTestPoitGroupID], [UnitOfMeasurementID], [UnitOfMeasureOutID], [CalibrationType], [Description], [TestPointTarget], [IsDescendant], [Position]) VALUES (20, 75, 74.9, 75.1, 0.05, 2, 9, 3, 3, N'Linearity', N'Build 1', 1, 0, 0)
GO
INSERT [dbo].[TestPoint] ([TestPointID], [NominalTestPoit], [LowerTolerance], [UpperTolerance], [Resolution], [DecimalNumber], [TestPointGroupTestPoitGroupID], [UnitOfMeasurementID], [UnitOfMeasureOutID], [CalibrationType], [Description], [TestPointTarget], [IsDescendant], [Position]) VALUES (21, 25, 24.9, 25.1, 0.1, 1, 10, 3, 3, N'Linearity', N'Build 1', 1, 0, 0)
GO
INSERT [dbo].[TestPoint] ([TestPointID], [NominalTestPoit], [LowerTolerance], [UpperTolerance], [Resolution], [DecimalNumber], [TestPointGroupTestPoitGroupID], [UnitOfMeasurementID], [UnitOfMeasureOutID], [CalibrationType], [Description], [TestPointTarget], [IsDescendant], [Position]) VALUES (22, 10, 9.98, 10.02, 0.02, 2, 1, 3, 3, N'Linearity', N'Build 1', 1, 0, 0)
GO
INSERT [dbo].[TestPoint] ([TestPointID], [NominalTestPoit], [LowerTolerance], [UpperTolerance], [Resolution], [DecimalNumber], [TestPointGroupTestPoitGroupID], [UnitOfMeasurementID], [UnitOfMeasureOutID], [CalibrationType], [Description], [TestPointTarget], [IsDescendant], [Position]) VALUES (23, 12, 11.98, 12.02, 0.01, 2, 12, 3, 3, N'Linearity', N'Build 1', 1, 0, 0)
GO
INSERT [dbo].[TestPoint] ([TestPointID], [NominalTestPoit], [LowerTolerance], [UpperTolerance], [Resolution], [DecimalNumber], [TestPointGroupTestPoitGroupID], [UnitOfMeasurementID], [UnitOfMeasureOutID], [CalibrationType], [Description], [TestPointTarget], [IsDescendant], [Position]) VALUES (24, 700, 698, 702, 1, 0, 13, 6, 6, N'Linearity', N'Build 1', 1, 0, 0)
GO
INSERT [dbo].[TestPoint] ([TestPointID], [NominalTestPoit], [LowerTolerance], [UpperTolerance], [Resolution], [DecimalNumber], [TestPointGroupTestPoitGroupID], [UnitOfMeasurementID], [UnitOfMeasureOutID], [CalibrationType], [Description], [TestPointTarget], [IsDescendant], [Position]) VALUES (25, 1000, 998, 1002, 1, 0, 19, 3, 3, N'Linearity', N'Build 1', 1, 0, 0)
GO
INSERT [dbo].[TestPoint] ([TestPointID], [NominalTestPoit], [LowerTolerance], [UpperTolerance], [Resolution], [DecimalNumber], [TestPointGroupTestPoitGroupID], [UnitOfMeasurementID], [UnitOfMeasureOutID], [CalibrationType], [Description], [TestPointTarget], [IsDescendant], [Position]) VALUES (26, 75, 74.9, 75.1, 0.05, 2, 8, 3, 3, N'Linearity', N'Build 3', 1, 0, 0)
GO
INSERT [dbo].[TestPoint] ([TestPointID], [NominalTestPoit], [LowerTolerance], [UpperTolerance], [Resolution], [DecimalNumber], [TestPointGroupTestPoitGroupID], [UnitOfMeasurementID], [UnitOfMeasureOutID], [CalibrationType], [Description], [TestPointTarget], [IsDescendant], [Position]) VALUES (27, 25, 24.96, 25.04, 0.02, 2, 5, 3, 3, N'Linearity', N'Build 1', 1, 0, 0)
GO
INSERT [dbo].[TestPoint] ([TestPointID], [NominalTestPoit], [LowerTolerance], [UpperTolerance], [Resolution], [DecimalNumber], [TestPointGroupTestPoitGroupID], [UnitOfMeasurementID], [UnitOfMeasureOutID], [CalibrationType], [Description], [TestPointTarget], [IsDescendant], [Position]) VALUES (28, 25, 24.97, 25.03, 0.01, 2, 7, 3, 3, N'Linearity', N'Build 1', 1, 0, 0)
GO
INSERT [dbo].[TestPoint] ([TestPointID], [NominalTestPoit], [LowerTolerance], [UpperTolerance], [Resolution], [DecimalNumber], [TestPointGroupTestPoitGroupID], [UnitOfMeasurementID], [UnitOfMeasureOutID], [CalibrationType], [Description], [TestPointTarget], [IsDescendant], [Position]) VALUES (29, 50, 49.9, 50.1, 0.05, 2, 8, 3, 3, N'Linearity', N'Build 2', 1, 0, 0)
GO
INSERT [dbo].[TestPoint] ([TestPointID], [NominalTestPoit], [LowerTolerance], [UpperTolerance], [Resolution], [DecimalNumber], [TestPointGroupTestPoitGroupID], [UnitOfMeasurementID], [UnitOfMeasureOutID], [CalibrationType], [Description], [TestPointTarget], [IsDescendant], [Position]) VALUES (30, 225, 224.75, 225.25, 0.05, 2, 9, 3, 3, N'Linearity', N'Build 3', 1, 0, 0)
GO
INSERT [dbo].[TestPoint] ([TestPointID], [NominalTestPoit], [LowerTolerance], [UpperTolerance], [Resolution], [DecimalNumber], [TestPointGroupTestPoitGroupID], [UnitOfMeasurementID], [UnitOfMeasureOutID], [CalibrationType], [Description], [TestPointTarget], [IsDescendant], [Position]) VALUES (31, 125, 124.8, 125.2, 0.1, 1, 10, 3, 3, N'Linearity', N'Build 3', 1, 0, 0)
GO
INSERT [dbo].[TestPoint] ([TestPointID], [NominalTestPoit], [LowerTolerance], [UpperTolerance], [Resolution], [DecimalNumber], [TestPointGroupTestPoitGroupID], [UnitOfMeasurementID], [UnitOfMeasureOutID], [CalibrationType], [Description], [TestPointTarget], [IsDescendant], [Position]) VALUES (32, 60, 59.94, 60.06, 0.02, 2, 1, 3, 3, N'Linearity', N'Build 3', 1, 0, 0)
GO
INSERT [dbo].[TestPoint] ([TestPointID], [NominalTestPoit], [LowerTolerance], [UpperTolerance], [Resolution], [DecimalNumber], [TestPointGroupTestPoitGroupID], [UnitOfMeasurementID], [UnitOfMeasureOutID], [CalibrationType], [Description], [TestPointTarget], [IsDescendant], [Position]) VALUES (33, 37, 36.97, 37.03, 0.01, 2, 12, 3, 3, N'Linearity', N'Build 3', 1, 0, 0)
GO
INSERT [dbo].[TestPoint] ([TestPointID], [NominalTestPoit], [LowerTolerance], [UpperTolerance], [Resolution], [DecimalNumber], [TestPointGroupTestPoitGroupID], [UnitOfMeasurementID], [UnitOfMeasureOutID], [CalibrationType], [Description], [TestPointTarget], [IsDescendant], [Position]) VALUES (34, 2200, 2197, 2203, 1, 0, 13, 6, 6, N'Linearity', N'Build 3', 1, 0, 0)
GO
INSERT [dbo].[TestPoint] ([TestPointID], [NominalTestPoit], [LowerTolerance], [UpperTolerance], [Resolution], [DecimalNumber], [TestPointGroupTestPoitGroupID], [UnitOfMeasurementID], [UnitOfMeasureOutID], [CalibrationType], [Description], [TestPointTarget], [IsDescendant], [Position]) VALUES (35, 3000, 2997, 3003, 1, 0, 19, 3, 3, N'Linearity', N'Build 3', 1, 0, 0)
GO
INSERT [dbo].[TestPoint] ([TestPointID], [NominalTestPoit], [LowerTolerance], [UpperTolerance], [Resolution], [DecimalNumber], [TestPointGroupTestPoitGroupID], [UnitOfMeasurementID], [UnitOfMeasureOutID], [CalibrationType], [Description], [TestPointTarget], [IsDescendant], [Position]) VALUES (36, 75, 74.94, 75.06, 0.02, 2, 5, 3, 3, N'Linearity', N'Build 3', 1, 0, 0)
GO
INSERT [dbo].[TestPoint] ([TestPointID], [NominalTestPoit], [LowerTolerance], [UpperTolerance], [Resolution], [DecimalNumber], [TestPointGroupTestPoitGroupID], [UnitOfMeasurementID], [UnitOfMeasureOutID], [CalibrationType], [Description], [TestPointTarget], [IsDescendant], [Position]) VALUES (37, 75, 74.95, 75.05, 0.01, 2, 7, 3, 3, N'Linearity', N'Build 3', 1, 0, 0)
GO
INSERT [dbo].[TestPoint] ([TestPointID], [NominalTestPoit], [LowerTolerance], [UpperTolerance], [Resolution], [DecimalNumber], [TestPointGroupTestPoitGroupID], [UnitOfMeasurementID], [UnitOfMeasureOutID], [CalibrationType], [Description], [TestPointTarget], [IsDescendant], [Position]) VALUES (38, 300, 299.75, 300.25, 0.05, 2, 9, 3, 3, N'Linearity', N'Build 4', 1, 0, 0)
GO
INSERT [dbo].[TestPoint] ([TestPointID], [NominalTestPoit], [LowerTolerance], [UpperTolerance], [Resolution], [DecimalNumber], [TestPointGroupTestPoitGroupID], [UnitOfMeasurementID], [UnitOfMeasureOutID], [CalibrationType], [Description], [TestPointTarget], [IsDescendant], [Position]) VALUES (39, 150, 149.8, 150.2, 0.1, 1, 10, 3, 3, N'Linearity', N'Build 4', 1, 0, 0)
GO
INSERT [dbo].[TestPoint] ([TestPointID], [NominalTestPoit], [LowerTolerance], [UpperTolerance], [Resolution], [DecimalNumber], [TestPointGroupTestPoitGroupID], [UnitOfMeasurementID], [UnitOfMeasureOutID], [CalibrationType], [Description], [TestPointTarget], [IsDescendant], [Position]) VALUES (40, 75, 74.94, 75.06, 0.02, 2, 1, 3, 3, N'Linearity', N'Build 4', 1, 0, 0)
GO
INSERT [dbo].[TestPoint] ([TestPointID], [NominalTestPoit], [LowerTolerance], [UpperTolerance], [Resolution], [DecimalNumber], [TestPointGroupTestPoitGroupID], [UnitOfMeasurementID], [UnitOfMeasureOutID], [CalibrationType], [Description], [TestPointTarget], [IsDescendant], [Position]) VALUES (41, 50, 49.95, 50.05, 0.01, 2, 12, 3, 3, N'Linearity', N'Build 4', 1, 0, 0)
GO
INSERT [dbo].[TestPoint] ([TestPointID], [NominalTestPoit], [LowerTolerance], [UpperTolerance], [Resolution], [DecimalNumber], [TestPointGroupTestPoitGroupID], [UnitOfMeasurementID], [UnitOfMeasureOutID], [CalibrationType], [Description], [TestPointTarget], [IsDescendant], [Position]) VALUES (42, 3000, 2997, 3003, 1, 0, 13, 6, 6, N'Linearity', N'Build 4', 1, 0, 0)
GO
INSERT [dbo].[TestPoint] ([TestPointID], [NominalTestPoit], [LowerTolerance], [UpperTolerance], [Resolution], [DecimalNumber], [TestPointGroupTestPoitGroupID], [UnitOfMeasurementID], [UnitOfMeasureOutID], [CalibrationType], [Description], [TestPointTarget], [IsDescendant], [Position]) VALUES (43, 4000, 3997, 4003, 1, 0, 19, 3, 3, N'Linearity', N'Build 4', 1, 0, 0)
GO
INSERT [dbo].[TestPoint] ([TestPointID], [NominalTestPoit], [LowerTolerance], [UpperTolerance], [Resolution], [DecimalNumber], [TestPointGroupTestPoitGroupID], [UnitOfMeasurementID], [UnitOfMeasureOutID], [CalibrationType], [Description], [TestPointTarget], [IsDescendant], [Position]) VALUES (44, 100, 99.9, 100.1, 0.02, 2, 5, 3, 3, N'Linearity', N'Build 4', 1, 0, 0)
GO
INSERT [dbo].[TestPoint] ([TestPointID], [NominalTestPoit], [LowerTolerance], [UpperTolerance], [Resolution], [DecimalNumber], [TestPointGroupTestPoitGroupID], [UnitOfMeasurementID], [UnitOfMeasureOutID], [CalibrationType], [Description], [TestPointTarget], [IsDescendant], [Position]) VALUES (45, 100, 99.95, 100.05, 0.01, 2, 7, 3, 3, N'Linearity', N'Build 4', 1, 0, 0)
GO
INSERT [dbo].[TestPoint] ([TestPointID], [NominalTestPoit], [LowerTolerance], [UpperTolerance], [Resolution], [DecimalNumber], [TestPointGroupTestPoitGroupID], [UnitOfMeasurementID], [UnitOfMeasureOutID], [CalibrationType], [Description], [TestPointTarget], [IsDescendant], [Position]) VALUES (46, 100, 99.9, 100.1, 0.05, 2, 9, 3, 3, N'Eccentricity', N'Shift 1', 1, 0, 0)
GO
INSERT [dbo].[TestPoint] ([TestPointID], [NominalTestPoit], [LowerTolerance], [UpperTolerance], [Resolution], [DecimalNumber], [TestPointGroupTestPoitGroupID], [UnitOfMeasurementID], [UnitOfMeasureOutID], [CalibrationType], [Description], [TestPointTarget], [IsDescendant], [Position]) VALUES (47, 50, 49.9, 50.1, 0.1, 1, 10, 3, 3, N'Eccentricity', N'Shift 1', 1, 0, 0)
GO
INSERT [dbo].[TestPoint] ([TestPointID], [NominalTestPoit], [LowerTolerance], [UpperTolerance], [Resolution], [DecimalNumber], [TestPointGroupTestPoitGroupID], [UnitOfMeasurementID], [UnitOfMeasureOutID], [CalibrationType], [Description], [TestPointTarget], [IsDescendant], [Position]) VALUES (48, 25, 24.96, 25.04, 0.02, 2, 1, 3, 3, N'Eccentricity', N'Shift 1', 1, 0, 0)
GO
INSERT [dbo].[TestPoint] ([TestPointID], [NominalTestPoit], [LowerTolerance], [UpperTolerance], [Resolution], [DecimalNumber], [TestPointGroupTestPoitGroupID], [UnitOfMeasurementID], [UnitOfMeasureOutID], [CalibrationType], [Description], [TestPointTarget], [IsDescendant], [Position]) VALUES (49, 20, 19.98, 20.02, 0.01, 2, 12, 3, 3, N'Eccentricity', N'Shift 1', 1, 0, 0)
GO
INSERT [dbo].[TestPoint] ([TestPointID], [NominalTestPoit], [LowerTolerance], [UpperTolerance], [Resolution], [DecimalNumber], [TestPointGroupTestPoitGroupID], [UnitOfMeasurementID], [UnitOfMeasureOutID], [CalibrationType], [Description], [TestPointTarget], [IsDescendant], [Position]) VALUES (50, 1000, 998, 1002, 1, 0, 13, 6, 6, N'Eccentricity', N'Shift 1', 1, 0, 0)
GO
INSERT [dbo].[TestPoint] ([TestPointID], [NominalTestPoit], [LowerTolerance], [UpperTolerance], [Resolution], [DecimalNumber], [TestPointGroupTestPoitGroupID], [UnitOfMeasurementID], [UnitOfMeasureOutID], [CalibrationType], [Description], [TestPointTarget], [IsDescendant], [Position]) VALUES (51, 1000, 998, 1002, 1, 0, 19, 3, 3, N'Eccentricity', N'Shift 1', 1, 0, 0)
GO
INSERT [dbo].[TestPoint] ([TestPointID], [NominalTestPoit], [LowerTolerance], [UpperTolerance], [Resolution], [DecimalNumber], [TestPointGroupTestPoitGroupID], [UnitOfMeasurementID], [UnitOfMeasureOutID], [CalibrationType], [Description], [TestPointTarget], [IsDescendant], [Position]) VALUES (52, 25, 24.95, 25.05, 0.05, 2, 8, 3, 3, N'Eccentricity', N'Shift 1', 1, 0, 0)
GO
INSERT [dbo].[TestPoint] ([TestPointID], [NominalTestPoit], [LowerTolerance], [UpperTolerance], [Resolution], [DecimalNumber], [TestPointGroupTestPoitGroupID], [UnitOfMeasurementID], [UnitOfMeasureOutID], [CalibrationType], [Description], [TestPointTarget], [IsDescendant], [Position]) VALUES (53, 25, 24.96, 25.04, 0.02, 2, 5, 3, 3, N'Eccentricity', N'Shift 1', 1, 0, 0)
GO
INSERT [dbo].[TestPoint] ([TestPointID], [NominalTestPoit], [LowerTolerance], [UpperTolerance], [Resolution], [DecimalNumber], [TestPointGroupTestPoitGroupID], [UnitOfMeasurementID], [UnitOfMeasureOutID], [CalibrationType], [Description], [TestPointTarget], [IsDescendant], [Position]) VALUES (54, 30, 29.97, 30.03, 0.01, 2, 7, 3, 3, N'Eccentricity', N'Shift 1', 1, 0, 0)
GO
INSERT [dbo].[TestPoint] ([TestPointID], [NominalTestPoit], [LowerTolerance], [UpperTolerance], [Resolution], [DecimalNumber], [TestPointGroupTestPoitGroupID], [UnitOfMeasurementID], [UnitOfMeasureOutID], [CalibrationType], [Description], [TestPointTarget], [IsDescendant], [Position]) VALUES (55, 100, 99.9, 100.1, 0.05, 2, 9, 3, 3, N'Repeatability', N'Shift 1', 1, 0, 0)
GO
INSERT [dbo].[TestPoint] ([TestPointID], [NominalTestPoit], [LowerTolerance], [UpperTolerance], [Resolution], [DecimalNumber], [TestPointGroupTestPoitGroupID], [UnitOfMeasurementID], [UnitOfMeasureOutID], [CalibrationType], [Description], [TestPointTarget], [IsDescendant], [Position]) VALUES (56, 50, 49.9, 50.1, 0.1, 1, 10, 3, 3, N'Repeatability', N'Shift 1', 1, 0, 0)
GO
INSERT [dbo].[TestPoint] ([TestPointID], [NominalTestPoit], [LowerTolerance], [UpperTolerance], [Resolution], [DecimalNumber], [TestPointGroupTestPoitGroupID], [UnitOfMeasurementID], [UnitOfMeasureOutID], [CalibrationType], [Description], [TestPointTarget], [IsDescendant], [Position]) VALUES (57, 25, 24.96, 25.04, 0.02, 2, 1, 3, 3, N'Repeatability', N'Shift 1', 1, 0, 0)
GO
INSERT [dbo].[TestPoint] ([TestPointID], [NominalTestPoit], [LowerTolerance], [UpperTolerance], [Resolution], [DecimalNumber], [TestPointGroupTestPoitGroupID], [UnitOfMeasurementID], [UnitOfMeasureOutID], [CalibrationType], [Description], [TestPointTarget], [IsDescendant], [Position]) VALUES (58, 20, 19.98, 20.02, 0.01, 2, 12, 3, 3, N'Repeatability', N'Shift 1', 1, 0, 0)
GO
INSERT [dbo].[TestPoint] ([TestPointID], [NominalTestPoit], [LowerTolerance], [UpperTolerance], [Resolution], [DecimalNumber], [TestPointGroupTestPoitGroupID], [UnitOfMeasurementID], [UnitOfMeasureOutID], [CalibrationType], [Description], [TestPointTarget], [IsDescendant], [Position]) VALUES (59, 1000, 998, 1002, 1, 0, 13, 6, 6, N'Repeatability', N'Shift 1', 1, 0, 0)
GO
INSERT [dbo].[TestPoint] ([TestPointID], [NominalTestPoit], [LowerTolerance], [UpperTolerance], [Resolution], [DecimalNumber], [TestPointGroupTestPoitGroupID], [UnitOfMeasurementID], [UnitOfMeasureOutID], [CalibrationType], [Description], [TestPointTarget], [IsDescendant], [Position]) VALUES (60, 1000, 998, 1002, 1, 0, 19, 3, 3, N'Repeatability', N'Shift 1', 1, 0, 0)
GO
INSERT [dbo].[TestPoint] ([TestPointID], [NominalTestPoit], [LowerTolerance], [UpperTolerance], [Resolution], [DecimalNumber], [TestPointGroupTestPoitGroupID], [UnitOfMeasurementID], [UnitOfMeasureOutID], [CalibrationType], [Description], [TestPointTarget], [IsDescendant], [Position]) VALUES (61, 25, 24.95, 25.05, 0.05, 2, 8, 3, 3, N'Repeatability', N'Shift 1', 1, 0, 0)
GO
INSERT [dbo].[TestPoint] ([TestPointID], [NominalTestPoit], [LowerTolerance], [UpperTolerance], [Resolution], [DecimalNumber], [TestPointGroupTestPoitGroupID], [UnitOfMeasurementID], [UnitOfMeasureOutID], [CalibrationType], [Description], [TestPointTarget], [IsDescendant], [Position]) VALUES (62, 25, 24.96, 25.04, 0.02, 2, 5, 3, 3, N'Repeatability', N'Shift 1', 1, 0, 0)
GO
INSERT [dbo].[TestPoint] ([TestPointID], [NominalTestPoit], [LowerTolerance], [UpperTolerance], [Resolution], [DecimalNumber], [TestPointGroupTestPoitGroupID], [UnitOfMeasurementID], [UnitOfMeasureOutID], [CalibrationType], [Description], [TestPointTarget], [IsDescendant], [Position]) VALUES (63, 30, 29.97, 30.03, 0.01, 2, 7, 3, 3, N'Repeatability', N'Shift 1', 1, 0, 0)
GO
INSERT [dbo].[TestPoint] ([TestPointID], [NominalTestPoit], [LowerTolerance], [UpperTolerance], [Resolution], [DecimalNumber], [TestPointGroupTestPoitGroupID], [UnitOfMeasurementID], [UnitOfMeasureOutID], [CalibrationType], [Description], [TestPointTarget], [IsDescendant], [Position]) VALUES (64, 0, 0, 0, 0.02, 2, 24, 3, 3, N'Linearity', N'No Load', 1, 0, 0)
GO
INSERT [dbo].[TestPoint] ([TestPointID], [NominalTestPoit], [LowerTolerance], [UpperTolerance], [Resolution], [DecimalNumber], [TestPointGroupTestPoitGroupID], [UnitOfMeasurementID], [UnitOfMeasureOutID], [CalibrationType], [Description], [TestPointTarget], [IsDescendant], [Position]) VALUES (65, 10, 9.98, 10.02, 0.02, 2, 24, 3, 3, N'Linearity', N'Build 1', 1, 0, 0)
GO
INSERT [dbo].[TestPoint] ([TestPointID], [NominalTestPoit], [LowerTolerance], [UpperTolerance], [Resolution], [DecimalNumber], [TestPointGroupTestPoitGroupID], [UnitOfMeasurementID], [UnitOfMeasureOutID], [CalibrationType], [Description], [TestPointTarget], [IsDescendant], [Position]) VALUES (66, 25, 24.96, 25.04, 0.02, 2, 24, 3, 3, N'Eccentricity', N'Shift 1', 1, 0, 0)
GO
INSERT [dbo].[TestPoint] ([TestPointID], [NominalTestPoit], [LowerTolerance], [UpperTolerance], [Resolution], [DecimalNumber], [TestPointGroupTestPoitGroupID], [UnitOfMeasurementID], [UnitOfMeasureOutID], [CalibrationType], [Description], [TestPointTarget], [IsDescendant], [Position]) VALUES (67, 25, 24.96, 25.04, 0.02, 2, 24, 3, 3, N'Repeatability', N'Shift 1', 1, 0, 0)
GO
INSERT [dbo].[TestPoint] ([TestPointID], [NominalTestPoit], [LowerTolerance], [UpperTolerance], [Resolution], [DecimalNumber], [TestPointGroupTestPoitGroupID], [UnitOfMeasurementID], [UnitOfMeasureOutID], [CalibrationType], [Description], [TestPointTarget], [IsDescendant], [Position]) VALUES (68, 30, 29.96, 30.04, 0.02, 2, 24, 3, 3, N'Linearity', N'Build 2', 1, 0, 0)
GO
INSERT [dbo].[TestPoint] ([TestPointID], [NominalTestPoit], [LowerTolerance], [UpperTolerance], [Resolution], [DecimalNumber], [TestPointGroupTestPoitGroupID], [UnitOfMeasurementID], [UnitOfMeasureOutID], [CalibrationType], [Description], [TestPointTarget], [IsDescendant], [Position]) VALUES (69, 60, 59.94, 60.06, 0.02, 2, 24, 3, 3, N'Linearity', N'Build 3', 1, 0, 0)
GO
INSERT [dbo].[TestPoint] ([TestPointID], [NominalTestPoit], [LowerTolerance], [UpperTolerance], [Resolution], [DecimalNumber], [TestPointGroupTestPoitGroupID], [UnitOfMeasurementID], [UnitOfMeasureOutID], [CalibrationType], [Description], [TestPointTarget], [IsDescendant], [Position]) VALUES (70, 75, 74.94, 75.06, 0.02, 2, 24, 3, 3, N'Linearity', N'Build 4', 1, 0, 0)
GO
INSERT [dbo].[TestPoint] ([TestPointID], [NominalTestPoit], [LowerTolerance], [UpperTolerance], [Resolution], [DecimalNumber], [TestPointGroupTestPoitGroupID], [UnitOfMeasurementID], [UnitOfMeasureOutID], [CalibrationType], [Description], [TestPointTarget], [IsDescendant], [Position]) VALUES (71, 0, 0, 0, 0.02, 2, 48, 3, 3, N'Linearity', N'No Load', 1, 0, 0)
GO
INSERT [dbo].[TestPoint] ([TestPointID], [NominalTestPoit], [LowerTolerance], [UpperTolerance], [Resolution], [DecimalNumber], [TestPointGroupTestPoitGroupID], [UnitOfMeasurementID], [UnitOfMeasureOutID], [CalibrationType], [Description], [TestPointTarget], [IsDescendant], [Position]) VALUES (72, 25, 24.96, 25.04, 0.02, 2, 48, 3, 3, N'Linearity', N'Build 1', 1, 0, 0)
GO
INSERT [dbo].[TestPoint] ([TestPointID], [NominalTestPoit], [LowerTolerance], [UpperTolerance], [Resolution], [DecimalNumber], [TestPointGroupTestPoitGroupID], [UnitOfMeasurementID], [UnitOfMeasureOutID], [CalibrationType], [Description], [TestPointTarget], [IsDescendant], [Position]) VALUES (73, 25, 24.96, 25.04, 0.02, 2, 48, 3, 3, N'Eccentricity', N'Shift 1', 1, 0, 0)
GO
INSERT [dbo].[TestPoint] ([TestPointID], [NominalTestPoit], [LowerTolerance], [UpperTolerance], [Resolution], [DecimalNumber], [TestPointGroupTestPoitGroupID], [UnitOfMeasurementID], [UnitOfMeasureOutID], [CalibrationType], [Description], [TestPointTarget], [IsDescendant], [Position]) VALUES (74, 25, 24.96, 25.04, 0.02, 2, 48, 3, 3, N'Repeatability', N'Shift 1', 1, 0, 0)
GO
INSERT [dbo].[TestPoint] ([TestPointID], [NominalTestPoit], [LowerTolerance], [UpperTolerance], [Resolution], [DecimalNumber], [TestPointGroupTestPoitGroupID], [UnitOfMeasurementID], [UnitOfMeasureOutID], [CalibrationType], [Description], [TestPointTarget], [IsDescendant], [Position]) VALUES (75, 50, 49.94, 50.06, 0.02, 2, 48, 3, 3, N'Linearity', N'Build 2', 1, 0, 0)
GO
INSERT [dbo].[TestPoint] ([TestPointID], [NominalTestPoit], [LowerTolerance], [UpperTolerance], [Resolution], [DecimalNumber], [TestPointGroupTestPoitGroupID], [UnitOfMeasurementID], [UnitOfMeasureOutID], [CalibrationType], [Description], [TestPointTarget], [IsDescendant], [Position]) VALUES (76, 75, 74.94, 75.06, 0.02, 2, 48, 3, 3, N'Linearity', N'Build 3', 1, 0, 0)
GO
INSERT [dbo].[TestPoint] ([TestPointID], [NominalTestPoit], [LowerTolerance], [UpperTolerance], [Resolution], [DecimalNumber], [TestPointGroupTestPoitGroupID], [UnitOfMeasurementID], [UnitOfMeasureOutID], [CalibrationType], [Description], [TestPointTarget], [IsDescendant], [Position]) VALUES (77, 100, 99.9, 100.1, 0.02, 2, 48, 3, 3, N'Linearity', N'Build 4', 1, 0, 0)
GO
INSERT [dbo].[TestPoint] ([TestPointID], [NominalTestPoit], [LowerTolerance], [UpperTolerance], [Resolution], [DecimalNumber], [TestPointGroupTestPoitGroupID], [UnitOfMeasurementID], [UnitOfMeasureOutID], [CalibrationType], [Description], [TestPointTarget], [IsDescendant], [Position]) VALUES (78, 0, 0, 0, 0.01, 2, 30, 3, 3, N'Linearity', N'No Load', 1, 0, 0)
GO
INSERT [dbo].[TestPoint] ([TestPointID], [NominalTestPoit], [LowerTolerance], [UpperTolerance], [Resolution], [DecimalNumber], [TestPointGroupTestPoitGroupID], [UnitOfMeasurementID], [UnitOfMeasureOutID], [CalibrationType], [Description], [TestPointTarget], [IsDescendant], [Position]) VALUES (79, 25, 24.97, 25.03, 0.01, 2, 30, 3, 3, N'Linearity', N'Build 1', 1, 0, 0)
GO
INSERT [dbo].[TestPoint] ([TestPointID], [NominalTestPoit], [LowerTolerance], [UpperTolerance], [Resolution], [DecimalNumber], [TestPointGroupTestPoitGroupID], [UnitOfMeasurementID], [UnitOfMeasureOutID], [CalibrationType], [Description], [TestPointTarget], [IsDescendant], [Position]) VALUES (80, 30, 29.97, 30.03, 0.01, 2, 30, 3, 3, N'Eccentricity', N'Shift 1', 1, 0, 0)
GO
INSERT [dbo].[TestPoint] ([TestPointID], [NominalTestPoit], [LowerTolerance], [UpperTolerance], [Resolution], [DecimalNumber], [TestPointGroupTestPoitGroupID], [UnitOfMeasurementID], [UnitOfMeasureOutID], [CalibrationType], [Description], [TestPointTarget], [IsDescendant], [Position]) VALUES (81, 30, 29.97, 30.03, 0.01, 2, 30, 3, 3, N'Repeatability', N'Shift 1', 1, 0, 0)
GO
INSERT [dbo].[TestPoint] ([TestPointID], [NominalTestPoit], [LowerTolerance], [UpperTolerance], [Resolution], [DecimalNumber], [TestPointGroupTestPoitGroupID], [UnitOfMeasurementID], [UnitOfMeasureOutID], [CalibrationType], [Description], [TestPointTarget], [IsDescendant], [Position]) VALUES (82, 50, 49.95, 50.05, 0.01, 2, 30, 3, 3, N'Linearity', N'Build 2', 1, 0, 0)
GO
INSERT [dbo].[TestPoint] ([TestPointID], [NominalTestPoit], [LowerTolerance], [UpperTolerance], [Resolution], [DecimalNumber], [TestPointGroupTestPoitGroupID], [UnitOfMeasurementID], [UnitOfMeasureOutID], [CalibrationType], [Description], [TestPointTarget], [IsDescendant], [Position]) VALUES (83, 75, 74.95, 75.05, 0.01, 2, 30, 3, 3, N'Linearity', N'Build 3', 1, 0, 0)
GO
INSERT [dbo].[TestPoint] ([TestPointID], [NominalTestPoit], [LowerTolerance], [UpperTolerance], [Resolution], [DecimalNumber], [TestPointGroupTestPoitGroupID], [UnitOfMeasurementID], [UnitOfMeasureOutID], [CalibrationType], [Description], [TestPointTarget], [IsDescendant], [Position]) VALUES (84, 100, 99.95, 100.05, 0.01, 2, 30, 3, 3, N'Linearity', N'Build 4', 1, 0, 0)
GO
INSERT [dbo].[TestPoint] ([TestPointID], [NominalTestPoit], [LowerTolerance], [UpperTolerance], [Resolution], [DecimalNumber], [TestPointGroupTestPoitGroupID], [UnitOfMeasurementID], [UnitOfMeasureOutID], [CalibrationType], [Description], [TestPointTarget], [IsDescendant], [Position]) VALUES (85, 0, 0, 0, 0.01, 2, 31, 3, 3, N'Linearity', N'No Load', 1, 0, 0)
GO
INSERT [dbo].[TestPoint] ([TestPointID], [NominalTestPoit], [LowerTolerance], [UpperTolerance], [Resolution], [DecimalNumber], [TestPointGroupTestPoitGroupID], [UnitOfMeasurementID], [UnitOfMeasureOutID], [CalibrationType], [Description], [TestPointTarget], [IsDescendant], [Position]) VALUES (86, 25, 24.97, 25.03, 0.01, 2, 31, 3, 3, N'Linearity', N'Build 1', 1, 0, 0)
GO
INSERT [dbo].[TestPoint] ([TestPointID], [NominalTestPoit], [LowerTolerance], [UpperTolerance], [Resolution], [DecimalNumber], [TestPointGroupTestPoitGroupID], [UnitOfMeasurementID], [UnitOfMeasureOutID], [CalibrationType], [Description], [TestPointTarget], [IsDescendant], [Position]) VALUES (87, 30, 29.97, 30.03, 0.01, 2, 31, 3, 3, N'Eccentricity', N'Shift 1', 1, 0, 0)
GO
INSERT [dbo].[TestPoint] ([TestPointID], [NominalTestPoit], [LowerTolerance], [UpperTolerance], [Resolution], [DecimalNumber], [TestPointGroupTestPoitGroupID], [UnitOfMeasurementID], [UnitOfMeasureOutID], [CalibrationType], [Description], [TestPointTarget], [IsDescendant], [Position]) VALUES (88, 30, 29.97, 30.03, 0.01, 2, 31, 3, 3, N'Repeatability', N'Shift 1', 1, 0, 0)
GO
INSERT [dbo].[TestPoint] ([TestPointID], [NominalTestPoit], [LowerTolerance], [UpperTolerance], [Resolution], [DecimalNumber], [TestPointGroupTestPoitGroupID], [UnitOfMeasurementID], [UnitOfMeasureOutID], [CalibrationType], [Description], [TestPointTarget], [IsDescendant], [Position]) VALUES (89, 50, 49.95, 50.05, 0.01, 2, 31, 3, 3, N'Linearity', N'Build 2', 1, 0, 0)
GO
INSERT [dbo].[TestPoint] ([TestPointID], [NominalTestPoit], [LowerTolerance], [UpperTolerance], [Resolution], [DecimalNumber], [TestPointGroupTestPoitGroupID], [UnitOfMeasurementID], [UnitOfMeasureOutID], [CalibrationType], [Description], [TestPointTarget], [IsDescendant], [Position]) VALUES (90, 75, 74.95, 75.05, 0.01, 2, 31, 3, 3, N'Linearity', N'Build 3', 1, 0, 0)
GO
INSERT [dbo].[TestPoint] ([TestPointID], [NominalTestPoit], [LowerTolerance], [UpperTolerance], [Resolution], [DecimalNumber], [TestPointGroupTestPoitGroupID], [UnitOfMeasurementID], [UnitOfMeasureOutID], [CalibrationType], [Description], [TestPointTarget], [IsDescendant], [Position]) VALUES (91, 100, 99.95, 100.05, 0.01, 2, 31, 3, 3, N'Linearity', N'Build 4', 1, 0, 0)
GO
INSERT [dbo].[TestPoint] ([TestPointID], [NominalTestPoit], [LowerTolerance], [UpperTolerance], [Resolution], [DecimalNumber], [TestPointGroupTestPoitGroupID], [UnitOfMeasurementID], [UnitOfMeasureOutID], [CalibrationType], [Description], [TestPointTarget], [IsDescendant], [Position]) VALUES (92, 0, 0, 0, 0.05, 2, 47, 3, 3, N'Linearity', N'No Load', 1, 0, 0)
GO
INSERT [dbo].[TestPoint] ([TestPointID], [NominalTestPoit], [LowerTolerance], [UpperTolerance], [Resolution], [DecimalNumber], [TestPointGroupTestPoitGroupID], [UnitOfMeasurementID], [UnitOfMeasureOutID], [CalibrationType], [Description], [TestPointTarget], [IsDescendant], [Position]) VALUES (93, 25, 24.95, 25.05, 0.05, 2, 47, 3, 3, N'Linearity', N'Build 1', 1, 0, 0)
GO
INSERT [dbo].[TestPoint] ([TestPointID], [NominalTestPoit], [LowerTolerance], [UpperTolerance], [Resolution], [DecimalNumber], [TestPointGroupTestPoitGroupID], [UnitOfMeasurementID], [UnitOfMeasureOutID], [CalibrationType], [Description], [TestPointTarget], [IsDescendant], [Position]) VALUES (94, 25, 24.95, 25.05, 0.05, 2, 47, 3, 3, N'Eccentricity', N'Shift 1', 1, 0, 0)
GO
INSERT [dbo].[TestPoint] ([TestPointID], [NominalTestPoit], [LowerTolerance], [UpperTolerance], [Resolution], [DecimalNumber], [TestPointGroupTestPoitGroupID], [UnitOfMeasurementID], [UnitOfMeasureOutID], [CalibrationType], [Description], [TestPointTarget], [IsDescendant], [Position]) VALUES (95, 25, 24.95, 25.05, 0.05, 2, 47, 3, 3, N'Repeatability', N'Shift 1', 1, 0, 0)
GO
INSERT [dbo].[TestPoint] ([TestPointID], [NominalTestPoit], [LowerTolerance], [UpperTolerance], [Resolution], [DecimalNumber], [TestPointGroupTestPoitGroupID], [UnitOfMeasurementID], [UnitOfMeasureOutID], [CalibrationType], [Description], [TestPointTarget], [IsDescendant], [Position]) VALUES (96, 50, 49.9, 50.1, 0.05, 2, 47, 3, 3, N'Linearity', N'Build 2', 1, 0, 0)
GO
INSERT [dbo].[TestPoint] ([TestPointID], [NominalTestPoit], [LowerTolerance], [UpperTolerance], [Resolution], [DecimalNumber], [TestPointGroupTestPoitGroupID], [UnitOfMeasurementID], [UnitOfMeasureOutID], [CalibrationType], [Description], [TestPointTarget], [IsDescendant], [Position]) VALUES (97, 75, 74.9, 75.1, 0.05, 2, 47, 3, 3, N'Linearity', N'Build 3', 1, 0, 0)
GO
INSERT [dbo].[TestPoint] ([TestPointID], [NominalTestPoit], [LowerTolerance], [UpperTolerance], [Resolution], [DecimalNumber], [TestPointGroupTestPoitGroupID], [UnitOfMeasurementID], [UnitOfMeasureOutID], [CalibrationType], [Description], [TestPointTarget], [IsDescendant], [Position]) VALUES (98, 100, 99.9, 100.1, 0.05, 2, 47, 3, 3, N'Linearity', N'Build 4', 1, 0, 0)
GO
INSERT [dbo].[TestPoint] ([TestPointID], [NominalTestPoit], [LowerTolerance], [UpperTolerance], [Resolution], [DecimalNumber], [TestPointGroupTestPoitGroupID], [UnitOfMeasurementID], [UnitOfMeasureOutID], [CalibrationType], [Description], [TestPointTarget], [IsDescendant], [Position]) VALUES (99, 0, 0, 0, 0.05, 2, 20, 3, 3, N'Linearity', N'No Load', 1, 0, 0)
GO
INSERT [dbo].[TestPoint] ([TestPointID], [NominalTestPoit], [LowerTolerance], [UpperTolerance], [Resolution], [DecimalNumber], [TestPointGroupTestPoitGroupID], [UnitOfMeasurementID], [UnitOfMeasureOutID], [CalibrationType], [Description], [TestPointTarget], [IsDescendant], [Position]) VALUES (100, 75, 74.9, 75.1, 0.05, 2, 20, 3, 3, N'Linearity', N'Build 1', 1, 0, 0)
GO
INSERT [dbo].[TestPoint] ([TestPointID], [NominalTestPoit], [LowerTolerance], [UpperTolerance], [Resolution], [DecimalNumber], [TestPointGroupTestPoitGroupID], [UnitOfMeasurementID], [UnitOfMeasureOutID], [CalibrationType], [Description], [TestPointTarget], [IsDescendant], [Position]) VALUES (101, 100, 99.9, 100.1, 0.05, 2, 20, 3, 3, N'Eccentricity', N'Shift 1', 1, 0, 0)
GO
INSERT [dbo].[TestPoint] ([TestPointID], [NominalTestPoit], [LowerTolerance], [UpperTolerance], [Resolution], [DecimalNumber], [TestPointGroupTestPoitGroupID], [UnitOfMeasurementID], [UnitOfMeasureOutID], [CalibrationType], [Description], [TestPointTarget], [IsDescendant], [Position]) VALUES (102, 100, 99.9, 100.1, 0.05, 2, 20, 3, 3, N'Repeatability', N'Shift 1', 1, 0, 0)
GO
INSERT [dbo].[TestPoint] ([TestPointID], [NominalTestPoit], [LowerTolerance], [UpperTolerance], [Resolution], [DecimalNumber], [TestPointGroupTestPoitGroupID], [UnitOfMeasurementID], [UnitOfMeasureOutID], [CalibrationType], [Description], [TestPointTarget], [IsDescendant], [Position]) VALUES (103, 150, 149.85, 150.15, 0.05, 2, 20, 3, 3, N'Linearity', N'Build 2', 1, 0, 0)
GO
INSERT [dbo].[TestPoint] ([TestPointID], [NominalTestPoit], [LowerTolerance], [UpperTolerance], [Resolution], [DecimalNumber], [TestPointGroupTestPoitGroupID], [UnitOfMeasurementID], [UnitOfMeasureOutID], [CalibrationType], [Description], [TestPointTarget], [IsDescendant], [Position]) VALUES (104, 225, 224.75, 225.25, 0.05, 2, 20, 3, 3, N'Linearity', N'Build 3', 1, 0, 0)
GO
INSERT [dbo].[TestPoint] ([TestPointID], [NominalTestPoit], [LowerTolerance], [UpperTolerance], [Resolution], [DecimalNumber], [TestPointGroupTestPoitGroupID], [UnitOfMeasurementID], [UnitOfMeasureOutID], [CalibrationType], [Description], [TestPointTarget], [IsDescendant], [Position]) VALUES (105, 300, 299.75, 300.25, 0.05, 2, 20, 3, 3, N'Linearity', N'Build 4', 1, 0, 0)
GO
INSERT [dbo].[TestPoint] ([TestPointID], [NominalTestPoit], [LowerTolerance], [UpperTolerance], [Resolution], [DecimalNumber], [TestPointGroupTestPoitGroupID], [UnitOfMeasurementID], [UnitOfMeasureOutID], [CalibrationType], [Description], [TestPointTarget], [IsDescendant], [Position]) VALUES (106, 0, 0, 0, 0.05, 2, 27, 3, 3, N'Linearity', N'No Load', 1, 0, 0)
GO
INSERT [dbo].[TestPoint] ([TestPointID], [NominalTestPoit], [LowerTolerance], [UpperTolerance], [Resolution], [DecimalNumber], [TestPointGroupTestPoitGroupID], [UnitOfMeasurementID], [UnitOfMeasureOutID], [CalibrationType], [Description], [TestPointTarget], [IsDescendant], [Position]) VALUES (107, 75, 74.9, 75.1, 0.05, 2, 27, 3, 3, N'Linearity', N'Build 1', 1, 0, 0)
GO
INSERT [dbo].[TestPoint] ([TestPointID], [NominalTestPoit], [LowerTolerance], [UpperTolerance], [Resolution], [DecimalNumber], [TestPointGroupTestPoitGroupID], [UnitOfMeasurementID], [UnitOfMeasureOutID], [CalibrationType], [Description], [TestPointTarget], [IsDescendant], [Position]) VALUES (108, 100, 99.9, 100.1, 0.05, 2, 27, 3, 3, N'Eccentricity', N'Shift 1', 1, 0, 0)
GO
INSERT [dbo].[TestPoint] ([TestPointID], [NominalTestPoit], [LowerTolerance], [UpperTolerance], [Resolution], [DecimalNumber], [TestPointGroupTestPoitGroupID], [UnitOfMeasurementID], [UnitOfMeasureOutID], [CalibrationType], [Description], [TestPointTarget], [IsDescendant], [Position]) VALUES (109, 100, 99.9, 100.1, 0.05, 2, 27, 3, 3, N'Repeatability', N'Shift 1', 1, 0, 0)
GO
INSERT [dbo].[TestPoint] ([TestPointID], [NominalTestPoit], [LowerTolerance], [UpperTolerance], [Resolution], [DecimalNumber], [TestPointGroupTestPoitGroupID], [UnitOfMeasurementID], [UnitOfMeasureOutID], [CalibrationType], [Description], [TestPointTarget], [IsDescendant], [Position]) VALUES (110, 150, 149.85, 150.15, 0.05, 2, 27, 3, 3, N'Linearity', N'Build 2', 1, 0, 0)
GO
INSERT [dbo].[TestPoint] ([TestPointID], [NominalTestPoit], [LowerTolerance], [UpperTolerance], [Resolution], [DecimalNumber], [TestPointGroupTestPoitGroupID], [UnitOfMeasurementID], [UnitOfMeasureOutID], [CalibrationType], [Description], [TestPointTarget], [IsDescendant], [Position]) VALUES (111, 225, 224.75, 225.25, 0.05, 2, 27, 3, 3, N'Linearity', N'Build 3', 1, 0, 0)
GO
INSERT [dbo].[TestPoint] ([TestPointID], [NominalTestPoit], [LowerTolerance], [UpperTolerance], [Resolution], [DecimalNumber], [TestPointGroupTestPoitGroupID], [UnitOfMeasurementID], [UnitOfMeasureOutID], [CalibrationType], [Description], [TestPointTarget], [IsDescendant], [Position]) VALUES (112, 300, 299.75, 300.25, 0.05, 2, 27, 3, 3, N'Linearity', N'Build 4', 1, 0, 0)
GO
INSERT [dbo].[TestPoint] ([TestPointID], [NominalTestPoit], [LowerTolerance], [UpperTolerance], [Resolution], [DecimalNumber], [TestPointGroupTestPoitGroupID], [UnitOfMeasurementID], [UnitOfMeasureOutID], [CalibrationType], [Description], [TestPointTarget], [IsDescendant], [Position]) VALUES (113, 0, 0, 0, 0.1, 1, 23, 3, 3, N'Linearity', N'No Load', 1, 0, 0)
GO
INSERT [dbo].[TestPoint] ([TestPointID], [NominalTestPoit], [LowerTolerance], [UpperTolerance], [Resolution], [DecimalNumber], [TestPointGroupTestPoitGroupID], [UnitOfMeasurementID], [UnitOfMeasureOutID], [CalibrationType], [Description], [TestPointTarget], [IsDescendant], [Position]) VALUES (114, 25, 24.9, 25.1, 0.1, 1, 23, 3, 3, N'Linearity', N'Build 1', 1, 0, 0)
GO
INSERT [dbo].[TestPoint] ([TestPointID], [NominalTestPoit], [LowerTolerance], [UpperTolerance], [Resolution], [DecimalNumber], [TestPointGroupTestPoitGroupID], [UnitOfMeasurementID], [UnitOfMeasureOutID], [CalibrationType], [Description], [TestPointTarget], [IsDescendant], [Position]) VALUES (115, 50, 49.9, 50.1, 0.1, 1, 23, 3, 3, N'Eccentricity', N'Shift 1', 1, 0, 0)
GO
INSERT [dbo].[TestPoint] ([TestPointID], [NominalTestPoit], [LowerTolerance], [UpperTolerance], [Resolution], [DecimalNumber], [TestPointGroupTestPoitGroupID], [UnitOfMeasurementID], [UnitOfMeasureOutID], [CalibrationType], [Description], [TestPointTarget], [IsDescendant], [Position]) VALUES (116, 50, 49.9, 50.1, 0.1, 1, 23, 3, 3, N'Repeatability', N'Shift 1', 1, 0, 0)
GO
INSERT [dbo].[TestPoint] ([TestPointID], [NominalTestPoit], [LowerTolerance], [UpperTolerance], [Resolution], [DecimalNumber], [TestPointGroupTestPoitGroupID], [UnitOfMeasurementID], [UnitOfMeasureOutID], [CalibrationType], [Description], [TestPointTarget], [IsDescendant], [Position]) VALUES (117, 75, 74.8, 75.2, 0.1, 1, 23, 3, 3, N'Linearity', N'Build 2', 1, 0, 0)
GO
INSERT [dbo].[TestPoint] ([TestPointID], [NominalTestPoit], [LowerTolerance], [UpperTolerance], [Resolution], [DecimalNumber], [TestPointGroupTestPoitGroupID], [UnitOfMeasurementID], [UnitOfMeasureOutID], [CalibrationType], [Description], [TestPointTarget], [IsDescendant], [Position]) VALUES (118, 125, 124.8, 125.2, 0.1, 1, 23, 3, 3, N'Linearity', N'Build 3', 1, 0, 0)
GO
INSERT [dbo].[TestPoint] ([TestPointID], [NominalTestPoit], [LowerTolerance], [UpperTolerance], [Resolution], [DecimalNumber], [TestPointGroupTestPoitGroupID], [UnitOfMeasurementID], [UnitOfMeasureOutID], [CalibrationType], [Description], [TestPointTarget], [IsDescendant], [Position]) VALUES (119, 150, 149.8, 150.2, 0.1, 1, 23, 3, 3, N'Linearity', N'Build 4', 1, 0, 0)
GO
INSERT [dbo].[TestPoint] ([TestPointID], [NominalTestPoit], [LowerTolerance], [UpperTolerance], [Resolution], [DecimalNumber], [TestPointGroupTestPoitGroupID], [UnitOfMeasurementID], [UnitOfMeasureOutID], [CalibrationType], [Description], [TestPointTarget], [IsDescendant], [Position]) VALUES (120, 0, 0, 0, 0.01, 2, 26, 3, 3, N'Linearity', N'No Load', 1, 0, 0)
GO
INSERT [dbo].[TestPoint] ([TestPointID], [NominalTestPoit], [LowerTolerance], [UpperTolerance], [Resolution], [DecimalNumber], [TestPointGroupTestPoitGroupID], [UnitOfMeasurementID], [UnitOfMeasureOutID], [CalibrationType], [Description], [TestPointTarget], [IsDescendant], [Position]) VALUES (121, 12, 11.98, 12.02, 0.01, 2, 26, 3, 3, N'Linearity', N'Build 1', 1, 0, 0)
GO
INSERT [dbo].[TestPoint] ([TestPointID], [NominalTestPoit], [LowerTolerance], [UpperTolerance], [Resolution], [DecimalNumber], [TestPointGroupTestPoitGroupID], [UnitOfMeasurementID], [UnitOfMeasureOutID], [CalibrationType], [Description], [TestPointTarget], [IsDescendant], [Position]) VALUES (122, 20, 19.98, 20.02, 0.01, 2, 26, 3, 3, N'Eccentricity', N'Shift 1', 1, 0, 0)
GO
INSERT [dbo].[TestPoint] ([TestPointID], [NominalTestPoit], [LowerTolerance], [UpperTolerance], [Resolution], [DecimalNumber], [TestPointGroupTestPoitGroupID], [UnitOfMeasurementID], [UnitOfMeasureOutID], [CalibrationType], [Description], [TestPointTarget], [IsDescendant], [Position]) VALUES (123, 20, 19.98, 20.02, 0.01, 2, 26, 3, 3, N'Repeatability', N'Shift 1', 1, 0, 0)
GO
INSERT [dbo].[TestPoint] ([TestPointID], [NominalTestPoit], [LowerTolerance], [UpperTolerance], [Resolution], [DecimalNumber], [TestPointGroupTestPoitGroupID], [UnitOfMeasurementID], [UnitOfMeasureOutID], [CalibrationType], [Description], [TestPointTarget], [IsDescendant], [Position]) VALUES (124, 25, 24.97, 25.03, 0.01, 2, 26, 3, 3, N'Linearity', N'Build 2', 1, 0, 0)
GO
INSERT [dbo].[TestPoint] ([TestPointID], [NominalTestPoit], [LowerTolerance], [UpperTolerance], [Resolution], [DecimalNumber], [TestPointGroupTestPoitGroupID], [UnitOfMeasurementID], [UnitOfMeasureOutID], [CalibrationType], [Description], [TestPointTarget], [IsDescendant], [Position]) VALUES (125, 37, 36.97, 37.03, 0.01, 2, 26, 3, 3, N'Linearity', N'Build 3', 1, 0, 0)
GO
INSERT [dbo].[TestPoint] ([TestPointID], [NominalTestPoit], [LowerTolerance], [UpperTolerance], [Resolution], [DecimalNumber], [TestPointGroupTestPoitGroupID], [UnitOfMeasurementID], [UnitOfMeasureOutID], [CalibrationType], [Description], [TestPointTarget], [IsDescendant], [Position]) VALUES (126, 50, 49.95, 50.05, 0.01, 2, 26, 3, 3, N'Linearity', N'Build 4', 1, 0, 0)
GO
INSERT [dbo].[TestPoint] ([TestPointID], [NominalTestPoit], [LowerTolerance], [UpperTolerance], [Resolution], [DecimalNumber], [TestPointGroupTestPoitGroupID], [UnitOfMeasurementID], [UnitOfMeasureOutID], [CalibrationType], [Description], [TestPointTarget], [IsDescendant], [Position]) VALUES (127, 0, 0, 0, 1, 0, 21, 6, 6, N'Linearity', N'No Load', 1, 0, 0)
GO
INSERT [dbo].[TestPoint] ([TestPointID], [NominalTestPoit], [LowerTolerance], [UpperTolerance], [Resolution], [DecimalNumber], [TestPointGroupTestPoitGroupID], [UnitOfMeasurementID], [UnitOfMeasureOutID], [CalibrationType], [Description], [TestPointTarget], [IsDescendant], [Position]) VALUES (128, 700, 698, 702, 1, 0, 21, 6, 6, N'Linearity', N'Build 1', 1, 0, 0)
GO
INSERT [dbo].[TestPoint] ([TestPointID], [NominalTestPoit], [LowerTolerance], [UpperTolerance], [Resolution], [DecimalNumber], [TestPointGroupTestPoitGroupID], [UnitOfMeasurementID], [UnitOfMeasureOutID], [CalibrationType], [Description], [TestPointTarget], [IsDescendant], [Position]) VALUES (129, 1000, 998, 1002, 1, 0, 21, 6, 6, N'Eccentricity', N'Shift 1', 1, 0, 0)
GO
INSERT [dbo].[TestPoint] ([TestPointID], [NominalTestPoit], [LowerTolerance], [UpperTolerance], [Resolution], [DecimalNumber], [TestPointGroupTestPoitGroupID], [UnitOfMeasurementID], [UnitOfMeasureOutID], [CalibrationType], [Description], [TestPointTarget], [IsDescendant], [Position]) VALUES (130, 1000, 998, 1002, 1, 0, 21, 6, 6, N'Repeatability', N'Shift 1', 1, 0, 0)
GO
INSERT [dbo].[TestPoint] ([TestPointID], [NominalTestPoit], [LowerTolerance], [UpperTolerance], [Resolution], [DecimalNumber], [TestPointGroupTestPoitGroupID], [UnitOfMeasurementID], [UnitOfMeasureOutID], [CalibrationType], [Description], [TestPointTarget], [IsDescendant], [Position]) VALUES (131, 1500, 1498, 1502, 1, 0, 21, 6, 6, N'Linearity', N'Build 2', 1, 0, 0)
GO
INSERT [dbo].[TestPoint] ([TestPointID], [NominalTestPoit], [LowerTolerance], [UpperTolerance], [Resolution], [DecimalNumber], [TestPointGroupTestPoitGroupID], [UnitOfMeasurementID], [UnitOfMeasureOutID], [CalibrationType], [Description], [TestPointTarget], [IsDescendant], [Position]) VALUES (132, 2200, 2197, 2203, 1, 0, 21, 6, 6, N'Linearity', N'Build 3', 1, 0, 0)
GO
INSERT [dbo].[TestPoint] ([TestPointID], [NominalTestPoit], [LowerTolerance], [UpperTolerance], [Resolution], [DecimalNumber], [TestPointGroupTestPoitGroupID], [UnitOfMeasurementID], [UnitOfMeasureOutID], [CalibrationType], [Description], [TestPointTarget], [IsDescendant], [Position]) VALUES (133, 3000, 2997, 3003, 1, 0, 21, 6, 6, N'Linearity', N'Build 4', 1, 0, 0)
GO
INSERT [dbo].[TestPoint] ([TestPointID], [NominalTestPoit], [LowerTolerance], [UpperTolerance], [Resolution], [DecimalNumber], [TestPointGroupTestPoitGroupID], [UnitOfMeasurementID], [UnitOfMeasureOutID], [CalibrationType], [Description], [TestPointTarget], [IsDescendant], [Position]) VALUES (134, 0, 0, 0, 1, 0, 22, 6, 6, N'Linearity', N'No Load', 1, 0, 0)
GO
INSERT [dbo].[TestPoint] ([TestPointID], [NominalTestPoit], [LowerTolerance], [UpperTolerance], [Resolution], [DecimalNumber], [TestPointGroupTestPoitGroupID], [UnitOfMeasurementID], [UnitOfMeasureOutID], [CalibrationType], [Description], [TestPointTarget], [IsDescendant], [Position]) VALUES (135, 700, 698, 702, 1, 0, 22, 6, 6, N'Linearity', N'Build 1', 1, 0, 0)
GO
INSERT [dbo].[TestPoint] ([TestPointID], [NominalTestPoit], [LowerTolerance], [UpperTolerance], [Resolution], [DecimalNumber], [TestPointGroupTestPoitGroupID], [UnitOfMeasurementID], [UnitOfMeasureOutID], [CalibrationType], [Description], [TestPointTarget], [IsDescendant], [Position]) VALUES (136, 1000, 998, 1002, 1, 0, 22, 6, 6, N'Eccentricity', N'Shift 1', 1, 0, 0)
GO
INSERT [dbo].[TestPoint] ([TestPointID], [NominalTestPoit], [LowerTolerance], [UpperTolerance], [Resolution], [DecimalNumber], [TestPointGroupTestPoitGroupID], [UnitOfMeasurementID], [UnitOfMeasureOutID], [CalibrationType], [Description], [TestPointTarget], [IsDescendant], [Position]) VALUES (137, 1000, 998, 1002, 1, 0, 22, 6, 6, N'Repeatability', N'Shift 1', 1, 0, 0)
GO
INSERT [dbo].[TestPoint] ([TestPointID], [NominalTestPoit], [LowerTolerance], [UpperTolerance], [Resolution], [DecimalNumber], [TestPointGroupTestPoitGroupID], [UnitOfMeasurementID], [UnitOfMeasureOutID], [CalibrationType], [Description], [TestPointTarget], [IsDescendant], [Position]) VALUES (138, 1500, 1498, 1502, 1, 0, 22, 6, 6, N'Linearity', N'Build 2', 1, 0, 0)
GO
INSERT [dbo].[TestPoint] ([TestPointID], [NominalTestPoit], [LowerTolerance], [UpperTolerance], [Resolution], [DecimalNumber], [TestPointGroupTestPoitGroupID], [UnitOfMeasurementID], [UnitOfMeasureOutID], [CalibrationType], [Description], [TestPointTarget], [IsDescendant], [Position]) VALUES (139, 2200, 2197, 2203, 1, 0, 22, 6, 6, N'Linearity', N'Build 3', 1, 0, 0)
GO
INSERT [dbo].[TestPoint] ([TestPointID], [NominalTestPoit], [LowerTolerance], [UpperTolerance], [Resolution], [DecimalNumber], [TestPointGroupTestPoitGroupID], [UnitOfMeasurementID], [UnitOfMeasureOutID], [CalibrationType], [Description], [TestPointTarget], [IsDescendant], [Position]) VALUES (140, 3000, 2997, 3003, 1, 0, 22, 6, 6, N'Linearity', N'Build 4', 1, 0, 0)
GO
INSERT [dbo].[TestPoint] ([TestPointID], [NominalTestPoit], [LowerTolerance], [UpperTolerance], [Resolution], [DecimalNumber], [TestPointGroupTestPoitGroupID], [UnitOfMeasurementID], [UnitOfMeasureOutID], [CalibrationType], [Description], [TestPointTarget], [IsDescendant], [Position]) VALUES (141, 0, 0, 0, 1, 0, 32, 6, 6, N'Linearity', N'No Load', 1, 0, 0)
GO
INSERT [dbo].[TestPoint] ([TestPointID], [NominalTestPoit], [LowerTolerance], [UpperTolerance], [Resolution], [DecimalNumber], [TestPointGroupTestPoitGroupID], [UnitOfMeasurementID], [UnitOfMeasureOutID], [CalibrationType], [Description], [TestPointTarget], [IsDescendant], [Position]) VALUES (142, 700, 698, 702, 1, 0, 32, 6, 6, N'Linearity', N'Build 1', 1, 0, 0)
GO
INSERT [dbo].[TestPoint] ([TestPointID], [NominalTestPoit], [LowerTolerance], [UpperTolerance], [Resolution], [DecimalNumber], [TestPointGroupTestPoitGroupID], [UnitOfMeasurementID], [UnitOfMeasureOutID], [CalibrationType], [Description], [TestPointTarget], [IsDescendant], [Position]) VALUES (143, 1000, 998, 1002, 1, 0, 32, 6, 6, N'Eccentricity', N'Shift 1', 1, 0, 0)
GO
INSERT [dbo].[TestPoint] ([TestPointID], [NominalTestPoit], [LowerTolerance], [UpperTolerance], [Resolution], [DecimalNumber], [TestPointGroupTestPoitGroupID], [UnitOfMeasurementID], [UnitOfMeasureOutID], [CalibrationType], [Description], [TestPointTarget], [IsDescendant], [Position]) VALUES (144, 1000, 998, 1002, 1, 0, 32, 6, 6, N'Repeatability', N'Shift 1', 1, 0, 0)
GO
INSERT [dbo].[TestPoint] ([TestPointID], [NominalTestPoit], [LowerTolerance], [UpperTolerance], [Resolution], [DecimalNumber], [TestPointGroupTestPoitGroupID], [UnitOfMeasurementID], [UnitOfMeasureOutID], [CalibrationType], [Description], [TestPointTarget], [IsDescendant], [Position]) VALUES (145, 1500, 1498, 1502, 1, 0, 32, 6, 6, N'Linearity', N'Build 2', 1, 0, 0)
GO
INSERT [dbo].[TestPoint] ([TestPointID], [NominalTestPoit], [LowerTolerance], [UpperTolerance], [Resolution], [DecimalNumber], [TestPointGroupTestPoitGroupID], [UnitOfMeasurementID], [UnitOfMeasureOutID], [CalibrationType], [Description], [TestPointTarget], [IsDescendant], [Position]) VALUES (146, 2200, 2197, 2203, 1, 0, 32, 6, 6, N'Linearity', N'Build 3', 1, 0, 0)
GO
INSERT [dbo].[TestPoint] ([TestPointID], [NominalTestPoit], [LowerTolerance], [UpperTolerance], [Resolution], [DecimalNumber], [TestPointGroupTestPoitGroupID], [UnitOfMeasurementID], [UnitOfMeasureOutID], [CalibrationType], [Description], [TestPointTarget], [IsDescendant], [Position]) VALUES (147, 3000, 2997, 3003, 1, 0, 32, 6, 6, N'Linearity', N'Build 4', 1, 0, 0)
GO
INSERT [dbo].[TestPoint] ([TestPointID], [NominalTestPoit], [LowerTolerance], [UpperTolerance], [Resolution], [DecimalNumber], [TestPointGroupTestPoitGroupID], [UnitOfMeasurementID], [UnitOfMeasureOutID], [CalibrationType], [Description], [TestPointTarget], [IsDescendant], [Position]) VALUES (148, 0, 0, 0, 1, 0, 33, 6, 6, N'Linearity', N'No Load', 1, 0, 0)
GO
INSERT [dbo].[TestPoint] ([TestPointID], [NominalTestPoit], [LowerTolerance], [UpperTolerance], [Resolution], [DecimalNumber], [TestPointGroupTestPoitGroupID], [UnitOfMeasurementID], [UnitOfMeasureOutID], [CalibrationType], [Description], [TestPointTarget], [IsDescendant], [Position]) VALUES (149, 700, 698, 702, 1, 0, 33, 6, 6, N'Linearity', N'Build 1', 1, 0, 0)
GO
INSERT [dbo].[TestPoint] ([TestPointID], [NominalTestPoit], [LowerTolerance], [UpperTolerance], [Resolution], [DecimalNumber], [TestPointGroupTestPoitGroupID], [UnitOfMeasurementID], [UnitOfMeasureOutID], [CalibrationType], [Description], [TestPointTarget], [IsDescendant], [Position]) VALUES (150, 1000, 998, 1002, 1, 0, 33, 6, 6, N'Eccentricity', N'Shift 1', 1, 0, 0)
GO
INSERT [dbo].[TestPoint] ([TestPointID], [NominalTestPoit], [LowerTolerance], [UpperTolerance], [Resolution], [DecimalNumber], [TestPointGroupTestPoitGroupID], [UnitOfMeasurementID], [UnitOfMeasureOutID], [CalibrationType], [Description], [TestPointTarget], [IsDescendant], [Position]) VALUES (151, 1000, 998, 1002, 1, 0, 33, 6, 6, N'Repeatability', N'Shift 1', 1, 0, 0)
GO
INSERT [dbo].[TestPoint] ([TestPointID], [NominalTestPoit], [LowerTolerance], [UpperTolerance], [Resolution], [DecimalNumber], [TestPointGroupTestPoitGroupID], [UnitOfMeasurementID], [UnitOfMeasureOutID], [CalibrationType], [Description], [TestPointTarget], [IsDescendant], [Position]) VALUES (152, 1500, 1498, 1502, 1, 0, 33, 6, 6, N'Linearity', N'Build 2', 1, 0, 0)
GO
INSERT [dbo].[TestPoint] ([TestPointID], [NominalTestPoit], [LowerTolerance], [UpperTolerance], [Resolution], [DecimalNumber], [TestPointGroupTestPoitGroupID], [UnitOfMeasurementID], [UnitOfMeasureOutID], [CalibrationType], [Description], [TestPointTarget], [IsDescendant], [Position]) VALUES (153, 2200, 2197, 2203, 1, 0, 33, 6, 6, N'Linearity', N'Build 3', 1, 0, 0)
GO
INSERT [dbo].[TestPoint] ([TestPointID], [NominalTestPoit], [LowerTolerance], [UpperTolerance], [Resolution], [DecimalNumber], [TestPointGroupTestPoitGroupID], [UnitOfMeasurementID], [UnitOfMeasureOutID], [CalibrationType], [Description], [TestPointTarget], [IsDescendant], [Position]) VALUES (154, 3000, 2997, 3003, 1, 0, 33, 6, 6, N'Linearity', N'Build 4', 1, 0, 0)
GO
INSERT [dbo].[TestPoint] ([TestPointID], [NominalTestPoit], [LowerTolerance], [UpperTolerance], [Resolution], [DecimalNumber], [TestPointGroupTestPoitGroupID], [UnitOfMeasurementID], [UnitOfMeasureOutID], [CalibrationType], [Description], [TestPointTarget], [IsDescendant], [Position]) VALUES (155, 0, 0, 0, 1, 0, 34, 6, 6, N'Linearity', N'No Load', 1, 0, 0)
GO
INSERT [dbo].[TestPoint] ([TestPointID], [NominalTestPoit], [LowerTolerance], [UpperTolerance], [Resolution], [DecimalNumber], [TestPointGroupTestPoitGroupID], [UnitOfMeasurementID], [UnitOfMeasureOutID], [CalibrationType], [Description], [TestPointTarget], [IsDescendant], [Position]) VALUES (156, 700, 698, 702, 1, 0, 34, 6, 6, N'Linearity', N'Build 1', 1, 0, 0)
GO
INSERT [dbo].[TestPoint] ([TestPointID], [NominalTestPoit], [LowerTolerance], [UpperTolerance], [Resolution], [DecimalNumber], [TestPointGroupTestPoitGroupID], [UnitOfMeasurementID], [UnitOfMeasureOutID], [CalibrationType], [Description], [TestPointTarget], [IsDescendant], [Position]) VALUES (157, 1000, 998, 1002, 1, 0, 34, 6, 6, N'Eccentricity', N'Shift 1', 1, 0, 0)
GO
INSERT [dbo].[TestPoint] ([TestPointID], [NominalTestPoit], [LowerTolerance], [UpperTolerance], [Resolution], [DecimalNumber], [TestPointGroupTestPoitGroupID], [UnitOfMeasurementID], [UnitOfMeasureOutID], [CalibrationType], [Description], [TestPointTarget], [IsDescendant], [Position]) VALUES (158, 1000, 998, 1002, 1, 0, 34, 6, 6, N'Repeatability', N'Shift 1', 1, 0, 0)
GO
INSERT [dbo].[TestPoint] ([TestPointID], [NominalTestPoit], [LowerTolerance], [UpperTolerance], [Resolution], [DecimalNumber], [TestPointGroupTestPoitGroupID], [UnitOfMeasurementID], [UnitOfMeasureOutID], [CalibrationType], [Description], [TestPointTarget], [IsDescendant], [Position]) VALUES (159, 1500, 1498, 1502, 1, 0, 34, 6, 6, N'Linearity', N'Build 2', 1, 0, 0)
GO
INSERT [dbo].[TestPoint] ([TestPointID], [NominalTestPoit], [LowerTolerance], [UpperTolerance], [Resolution], [DecimalNumber], [TestPointGroupTestPoitGroupID], [UnitOfMeasurementID], [UnitOfMeasureOutID], [CalibrationType], [Description], [TestPointTarget], [IsDescendant], [Position]) VALUES (160, 2200, 2197, 2203, 1, 0, 34, 6, 6, N'Linearity', N'Build 3', 1, 0, 0)
GO
INSERT [dbo].[TestPoint] ([TestPointID], [NominalTestPoit], [LowerTolerance], [UpperTolerance], [Resolution], [DecimalNumber], [TestPointGroupTestPoitGroupID], [UnitOfMeasurementID], [UnitOfMeasureOutID], [CalibrationType], [Description], [TestPointTarget], [IsDescendant], [Position]) VALUES (161, 3000, 2997, 3003, 1, 0, 34, 6, 6, N'Linearity', N'Build 4', 1, 0, 0)
GO
INSERT [dbo].[TestPoint] ([TestPointID], [NominalTestPoit], [LowerTolerance], [UpperTolerance], [Resolution], [DecimalNumber], [TestPointGroupTestPoitGroupID], [UnitOfMeasurementID], [UnitOfMeasureOutID], [CalibrationType], [Description], [TestPointTarget], [IsDescendant], [Position]) VALUES (162, 0, 0, 0, 1, 0, 35, 6, 6, N'Linearity', N'No Load', 1, 0, 0)
GO
INSERT [dbo].[TestPoint] ([TestPointID], [NominalTestPoit], [LowerTolerance], [UpperTolerance], [Resolution], [DecimalNumber], [TestPointGroupTestPoitGroupID], [UnitOfMeasurementID], [UnitOfMeasureOutID], [CalibrationType], [Description], [TestPointTarget], [IsDescendant], [Position]) VALUES (163, 700, 698, 702, 1, 0, 35, 6, 6, N'Linearity', N'Build 1', 1, 0, 0)
GO
INSERT [dbo].[TestPoint] ([TestPointID], [NominalTestPoit], [LowerTolerance], [UpperTolerance], [Resolution], [DecimalNumber], [TestPointGroupTestPoitGroupID], [UnitOfMeasurementID], [UnitOfMeasureOutID], [CalibrationType], [Description], [TestPointTarget], [IsDescendant], [Position]) VALUES (164, 1000, 998, 1002, 1, 0, 35, 6, 6, N'Eccentricity', N'Shift 1', 1, 0, 0)
GO
INSERT [dbo].[TestPoint] ([TestPointID], [NominalTestPoit], [LowerTolerance], [UpperTolerance], [Resolution], [DecimalNumber], [TestPointGroupTestPoitGroupID], [UnitOfMeasurementID], [UnitOfMeasureOutID], [CalibrationType], [Description], [TestPointTarget], [IsDescendant], [Position]) VALUES (165, 1000, 998, 1002, 1, 0, 35, 6, 6, N'Repeatability', N'Shift 1', 1, 0, 0)
GO
INSERT [dbo].[TestPoint] ([TestPointID], [NominalTestPoit], [LowerTolerance], [UpperTolerance], [Resolution], [DecimalNumber], [TestPointGroupTestPoitGroupID], [UnitOfMeasurementID], [UnitOfMeasureOutID], [CalibrationType], [Description], [TestPointTarget], [IsDescendant], [Position]) VALUES (166, 1500, 1498, 1502, 1, 0, 35, 6, 6, N'Linearity', N'Build 2', 1, 0, 0)
GO
INSERT [dbo].[TestPoint] ([TestPointID], [NominalTestPoit], [LowerTolerance], [UpperTolerance], [Resolution], [DecimalNumber], [TestPointGroupTestPoitGroupID], [UnitOfMeasurementID], [UnitOfMeasureOutID], [CalibrationType], [Description], [TestPointTarget], [IsDescendant], [Position]) VALUES (167, 2200, 2197, 2203, 1, 0, 35, 6, 6, N'Linearity', N'Build 3', 1, 0, 0)
GO
INSERT [dbo].[TestPoint] ([TestPointID], [NominalTestPoit], [LowerTolerance], [UpperTolerance], [Resolution], [DecimalNumber], [TestPointGroupTestPoitGroupID], [UnitOfMeasurementID], [UnitOfMeasureOutID], [CalibrationType], [Description], [TestPointTarget], [IsDescendant], [Position]) VALUES (168, 3000, 2997, 3003, 1, 0, 35, 6, 6, N'Linearity', N'Build 4', 1, 0, 0)
GO
INSERT [dbo].[TestPoint] ([TestPointID], [NominalTestPoit], [LowerTolerance], [UpperTolerance], [Resolution], [DecimalNumber], [TestPointGroupTestPoitGroupID], [UnitOfMeasurementID], [UnitOfMeasureOutID], [CalibrationType], [Description], [TestPointTarget], [IsDescendant], [Position]) VALUES (169, 0, 0, 0, 1, 0, 29, 6, 6, N'Linearity', N'No Load', 1, 0, 0)
GO
INSERT [dbo].[TestPoint] ([TestPointID], [NominalTestPoit], [LowerTolerance], [UpperTolerance], [Resolution], [DecimalNumber], [TestPointGroupTestPoitGroupID], [UnitOfMeasurementID], [UnitOfMeasureOutID], [CalibrationType], [Description], [TestPointTarget], [IsDescendant], [Position]) VALUES (170, 700, 698, 702, 1, 0, 29, 6, 6, N'Linearity', N'Build 1', 1, 0, 0)
GO
INSERT [dbo].[TestPoint] ([TestPointID], [NominalTestPoit], [LowerTolerance], [UpperTolerance], [Resolution], [DecimalNumber], [TestPointGroupTestPoitGroupID], [UnitOfMeasurementID], [UnitOfMeasureOutID], [CalibrationType], [Description], [TestPointTarget], [IsDescendant], [Position]) VALUES (171, 1000, 998, 1002, 1, 0, 29, 6, 6, N'Eccentricity', N'Shift 1', 1, 0, 0)
GO
INSERT [dbo].[TestPoint] ([TestPointID], [NominalTestPoit], [LowerTolerance], [UpperTolerance], [Resolution], [DecimalNumber], [TestPointGroupTestPoitGroupID], [UnitOfMeasurementID], [UnitOfMeasureOutID], [CalibrationType], [Description], [TestPointTarget], [IsDescendant], [Position]) VALUES (172, 1000, 998, 1002, 1, 0, 29, 6, 6, N'Repeatability', N'Shift 1', 1, 0, 0)
GO
INSERT [dbo].[TestPoint] ([TestPointID], [NominalTestPoit], [LowerTolerance], [UpperTolerance], [Resolution], [DecimalNumber], [TestPointGroupTestPoitGroupID], [UnitOfMeasurementID], [UnitOfMeasureOutID], [CalibrationType], [Description], [TestPointTarget], [IsDescendant], [Position]) VALUES (173, 1500, 1498, 1502, 1, 0, 29, 6, 6, N'Linearity', N'Build 2', 1, 0, 0)
GO
INSERT [dbo].[TestPoint] ([TestPointID], [NominalTestPoit], [LowerTolerance], [UpperTolerance], [Resolution], [DecimalNumber], [TestPointGroupTestPoitGroupID], [UnitOfMeasurementID], [UnitOfMeasureOutID], [CalibrationType], [Description], [TestPointTarget], [IsDescendant], [Position]) VALUES (174, 2200, 2197, 2203, 1, 0, 29, 6, 6, N'Linearity', N'Build 3', 1, 0, 0)
GO
INSERT [dbo].[TestPoint] ([TestPointID], [NominalTestPoit], [LowerTolerance], [UpperTolerance], [Resolution], [DecimalNumber], [TestPointGroupTestPoitGroupID], [UnitOfMeasurementID], [UnitOfMeasureOutID], [CalibrationType], [Description], [TestPointTarget], [IsDescendant], [Position]) VALUES (175, 3000, 2997, 3003, 1, 0, 29, 6, 6, N'Linearity', N'Build 4', 1, 0, 0)
GO
INSERT [dbo].[TestPoint] ([TestPointID], [NominalTestPoit], [LowerTolerance], [UpperTolerance], [Resolution], [DecimalNumber], [TestPointGroupTestPoitGroupID], [UnitOfMeasurementID], [UnitOfMeasureOutID], [CalibrationType], [Description], [TestPointTarget], [IsDescendant], [Position]) VALUES (176, 0, 0, 0, 1, 0, 46, 3, 3, N'Linearity', N'No Load', 1, 0, 0)
GO
INSERT [dbo].[TestPoint] ([TestPointID], [NominalTestPoit], [LowerTolerance], [UpperTolerance], [Resolution], [DecimalNumber], [TestPointGroupTestPoitGroupID], [UnitOfMeasurementID], [UnitOfMeasureOutID], [CalibrationType], [Description], [TestPointTarget], [IsDescendant], [Position]) VALUES (177, 1000, 998, 1002, 1, 0, 46, 3, 3, N'Eccentricity', N'Shift 1', 1, 0, 0)
GO
INSERT [dbo].[TestPoint] ([TestPointID], [NominalTestPoit], [LowerTolerance], [UpperTolerance], [Resolution], [DecimalNumber], [TestPointGroupTestPoitGroupID], [UnitOfMeasurementID], [UnitOfMeasureOutID], [CalibrationType], [Description], [TestPointTarget], [IsDescendant], [Position]) VALUES (178, 1000, 998, 1002, 1, 0, 46, 3, 3, N'Linearity', N'Build 1', 1, 0, 0)
GO
INSERT [dbo].[TestPoint] ([TestPointID], [NominalTestPoit], [LowerTolerance], [UpperTolerance], [Resolution], [DecimalNumber], [TestPointGroupTestPoitGroupID], [UnitOfMeasurementID], [UnitOfMeasureOutID], [CalibrationType], [Description], [TestPointTarget], [IsDescendant], [Position]) VALUES (179, 1000, 998, 1002, 1, 0, 46, 3, 3, N'Repeatability', N'Shift 1', 1, 0, 0)
GO
INSERT [dbo].[TestPoint] ([TestPointID], [NominalTestPoit], [LowerTolerance], [UpperTolerance], [Resolution], [DecimalNumber], [TestPointGroupTestPoitGroupID], [UnitOfMeasurementID], [UnitOfMeasureOutID], [CalibrationType], [Description], [TestPointTarget], [IsDescendant], [Position]) VALUES (180, 2000, 1998, 2002, 1, 0, 46, 3, 3, N'Linearity', N'Build 2', 1, 0, 0)
GO
INSERT [dbo].[TestPoint] ([TestPointID], [NominalTestPoit], [LowerTolerance], [UpperTolerance], [Resolution], [DecimalNumber], [TestPointGroupTestPoitGroupID], [UnitOfMeasurementID], [UnitOfMeasureOutID], [CalibrationType], [Description], [TestPointTarget], [IsDescendant], [Position]) VALUES (181, 3000, 2997, 3003, 1, 0, 46, 3, 3, N'Linearity', N'Build 3', 1, 0, 0)
GO
INSERT [dbo].[TestPoint] ([TestPointID], [NominalTestPoit], [LowerTolerance], [UpperTolerance], [Resolution], [DecimalNumber], [TestPointGroupTestPoitGroupID], [UnitOfMeasurementID], [UnitOfMeasureOutID], [CalibrationType], [Description], [TestPointTarget], [IsDescendant], [Position]) VALUES (182, 4000, 3997, 4003, 1, 0, 46, 3, 3, N'Linearity', N'Build 4', 1, 0, 0)
GO
SET IDENTITY_INSERT [dbo].[TestPoint] OFF
GO
SET IDENTITY_INSERT [dbo].[Manufacturer] ON 
GO
INSERT [dbo].[Manufacturer] ([ManufacturerID], [Name], [Description], [ImageUrl], [Abbreviation], [IsEnabled], [IsDelete]) VALUES (1, N'A&D', NULL, NULL, NULL, 1, 0)
GO
INSERT [dbo].[Manufacturer] ([ManufacturerID], [Name], [Description], [ImageUrl], [Abbreviation], [IsEnabled], [IsDelete]) VALUES (2, N'Adam Equipment', NULL, NULL, NULL, 1, 0)
GO
INSERT [dbo].[Manufacturer] ([ManufacturerID], [Name], [Description], [ImageUrl], [Abbreviation], [IsEnabled], [IsDelete]) VALUES (3, N'Detecto', NULL, NULL, NULL, 1, 0)
GO
INSERT [dbo].[Manufacturer] ([ManufacturerID], [Name], [Description], [ImageUrl], [Abbreviation], [IsEnabled], [IsDelete]) VALUES (4, N'Doran', NULL, NULL, NULL, 1, 0)
GO
INSERT [dbo].[Manufacturer] ([ManufacturerID], [Name], [Description], [ImageUrl], [Abbreviation], [IsEnabled], [IsDelete]) VALUES (5, N'Electroscale', NULL, NULL, NULL, 1, 0)
GO
INSERT [dbo].[Manufacturer] ([ManufacturerID], [Name], [Description], [ImageUrl], [Abbreviation], [IsEnabled], [IsDelete]) VALUES (6, N'Emery Winslow', NULL, NULL, NULL, 1, 0)
GO
INSERT [dbo].[Manufacturer] ([ManufacturerID], [Name], [Description], [ImageUrl], [Abbreviation], [IsEnabled], [IsDelete]) VALUES (7, N'Express Scale', NULL, NULL, NULL, 1, 0)
GO
INSERT [dbo].[Manufacturer] ([ManufacturerID], [Name], [Description], [ImageUrl], [Abbreviation], [IsEnabled], [IsDelete]) VALUES (8, N'Fairbanks', NULL, NULL, NULL, 1, 0)
GO
INSERT [dbo].[Manufacturer] ([ManufacturerID], [Name], [Description], [ImageUrl], [Abbreviation], [IsEnabled], [IsDelete]) VALUES (9, N'FlexWeigh', NULL, NULL, NULL, 1, 0)
GO
INSERT [dbo].[Manufacturer] ([ManufacturerID], [Name], [Description], [ImageUrl], [Abbreviation], [IsEnabled], [IsDelete]) VALUES (10, N'GSE', NULL, NULL, NULL, 1, 0)
GO
INSERT [dbo].[Manufacturer] ([ManufacturerID], [Name], [Description], [ImageUrl], [Abbreviation], [IsEnabled], [IsDelete]) VALUES (11, N'JEM International', NULL, NULL, NULL, 1, 0)
GO
INSERT [dbo].[Manufacturer] ([ManufacturerID], [Name], [Description], [ImageUrl], [Abbreviation], [IsEnabled], [IsDelete]) VALUES (12, N'KB Systems', NULL, NULL, NULL, 1, 0)
GO
INSERT [dbo].[Manufacturer] ([ManufacturerID], [Name], [Description], [ImageUrl], [Abbreviation], [IsEnabled], [IsDelete]) VALUES (13, N'Lights Welding', NULL, NULL, NULL, 1, 0)
GO
INSERT [dbo].[Manufacturer] ([ManufacturerID], [Name], [Description], [ImageUrl], [Abbreviation], [IsEnabled], [IsDelete]) VALUES (14, N'Measuretek', NULL, NULL, NULL, 1, 0)
GO
INSERT [dbo].[Manufacturer] ([ManufacturerID], [Name], [Description], [ImageUrl], [Abbreviation], [IsEnabled], [IsDelete]) VALUES (15, N'Mettler Toledo', NULL, NULL, NULL, 1, 0)
GO
INSERT [dbo].[Manufacturer] ([ManufacturerID], [Name], [Description], [ImageUrl], [Abbreviation], [IsEnabled], [IsDelete]) VALUES (16, N'Ohaus', NULL, NULL, NULL, 1, 0)
GO
INSERT [dbo].[Manufacturer] ([ManufacturerID], [Name], [Description], [ImageUrl], [Abbreviation], [IsEnabled], [IsDelete]) VALUES (17, N'Pelouze', NULL, NULL, NULL, 1, 0)
GO
INSERT [dbo].[Manufacturer] ([ManufacturerID], [Name], [Description], [ImageUrl], [Abbreviation], [IsEnabled], [IsDelete]) VALUES (18, N'Pennsylvania', NULL, NULL, NULL, 1, 0)
GO
INSERT [dbo].[Manufacturer] ([ManufacturerID], [Name], [Description], [ImageUrl], [Abbreviation], [IsEnabled], [IsDelete]) VALUES (19, N'Rice Lake', NULL, NULL, NULL, 1, 0)
GO
INSERT [dbo].[Manufacturer] ([ManufacturerID], [Name], [Description], [ImageUrl], [Abbreviation], [IsEnabled], [IsDelete]) VALUES (20, N'S.G. Systems LLC', NULL, NULL, NULL, 1, 0)
GO
INSERT [dbo].[Manufacturer] ([ManufacturerID], [Name], [Description], [ImageUrl], [Abbreviation], [IsEnabled], [IsDelete]) VALUES (21, N'ScaleTronix', NULL, NULL, NULL, 1, 0)
GO
INSERT [dbo].[Manufacturer] ([ManufacturerID], [Name], [Description], [ImageUrl], [Abbreviation], [IsEnabled], [IsDelete]) VALUES (22, N'Tara Systems', NULL, NULL, NULL, 1, 0)
GO
INSERT [dbo].[Manufacturer] ([ManufacturerID], [Name], [Description], [ImageUrl], [Abbreviation], [IsEnabled], [IsDelete]) VALUES (23, N'Weigh-Tronix', NULL, NULL, NULL, 1, 0)
GO
SET IDENTITY_INSERT [dbo].[Manufacturer] OFF
GO
